user_id,label
80029,0
80030,0
80031,1
80032,0
80033,0
80034,0
80035,1
80036,1
80037,0
80038,1
80039,1
80040,1
80041,0
80042,1
80043,0
80044,0
80045,1
80046,1
80047,0
80048,0
80049,0
80050,0
80051,0
80052,1
80053,0
80054,1
80055,0
80056,0
80057,1
80058,1
80059,1
80060,0
80061,0
80062,0
80063,0
80064,0
80065,0
80066,0
80067,0
80068,1
80069,1
80070,0
80071,0
80072,0
80073,0
80074,1
80075,1
80076,1
80077,0
80078,0
80079,0
80080,0
80081,0
80082,0
80083,0
80084,1
80085,0
80086,0
80087,0
80088,0
80089,0
80090,0
80091,0
80092,0
80093,0
80094,0
80095,0
80096,0
80097,1
80098,0
80099,0
80100,0
80101,0
80102,0
80103,0
80104,0
80105,1
80106,0
80107,0
80108,0
80109,0
80110,1
80111,1
80112,1
80113,0
80114,0
80115,1
80116,0
80117,1
80118,0
80119,1
80120,1
80121,0
80122,0
80123,0
80124,0
80125,0
80126,0
80127,1
80128,0
80129,1
80130,1
80131,0
80132,0
80133,0
80134,1
80135,0
80136,0
80137,1
80138,0
80139,0
80140,0
80141,0
80142,1
80143,1
80144,0
80145,1
80146,1
80147,0
80148,0
80149,1
80150,0
80151,1
80152,1
80153,0
80154,1
80155,0
80156,0
80157,1
80158,0
80159,0
80160,0
80161,0
80162,0
80163,0
80164,1
80165,0
80166,0
80167,1
80168,1
80169,0
80170,0
80171,0
80172,0
80173,1
80174,0
80175,0
80176,0
80177,1
80178,1
80179,1
80180,0
80181,0
80182,1
80183,1
80184,0
80185,1
80186,1
80187,0
80188,1
80189,1
80190,1
80191,1
80192,0
80193,1
80194,1
80195,1
80196,0
80197,1
80198,0
80199,1
80200,0
80201,0
80202,1
80203,1
80204,0
80205,0
80206,0
80207,0
80208,0
80209,0
80210,0
80211,0
80212,1
80213,0
80214,1
80215,0
80216,0
80217,0
80218,0
80219,1
80220,0
80221,0
80222,0
80223,0
80224,0
80225,0
80226,0
80227,1
80228,1
80229,0
80230,1
80231,1
80232,0
80233,1
80234,0
80235,1
80236,0
80237,1
80238,1
80239,0
80240,0
80241,0
80242,0
80243,0
80244,0
80245,0
80246,0
80247,1
80248,0
80249,1
80250,1
80251,0
80252,0
80253,0
80254,0
80255,0
80256,1
80257,1
80258,1
80259,0
80260,0
80261,0
80262,1
80263,1
80264,0
80265,1
80266,1
80267,1
80268,0
80269,0
80270,1
80271,1
80272,1
80273,1
80274,0
80275,0
80276,0
80277,0
80278,0
80279,1
80280,0
80281,1
80282,0
80283,0
80284,1
80285,1
80286,0
80287,0
80288,0
80289,0
80290,0
80291,0
80292,1
80293,0
80294,0
80295,1
80296,0
80297,1
80298,1
80299,1
80300,1
80301,0
80302,1
80303,0
80304,0
80305,1
80306,1
80307,1
80308,0
80309,1
80310,0
80311,0
80312,0
80313,0
80314,0
80315,1
80316,1
80317,0
80318,1
80319,1
80320,0
80321,1
80322,1
80323,0
80324,0
80325,1
80326,0
80327,0
80328,0
80329,0
80330,1
80331,1
80332,0
80333,0
80334,0
80335,0
80336,0
80337,1
80338,0
80339,1
80340,0
80341,0
80342,0
80343,0
80344,0
80345,0
80346,0
80347,0
80348,1
80349,0
80350,0
80351,0
80352,0
80353,0
80354,1
80355,1
80356,1
80357,0
80358,1
80359,1
80360,0
80361,0
80362,0
80363,0
80364,1
80365,0
80366,0
80367,0
80368,1
80369,1
80370,0
80371,0
80372,0
80373,0
80374,1
80375,0
80376,1
80377,1
80378,1
80379,0
80380,0
80381,0
80382,1
80383,0
80384,0
80385,1
80386,1
80387,0
80388,1
80389,0
80390,0
80391,0
80392,1
80393,0
80394,1
80395,0
80396,0
80397,0
80398,1
80399,1
80400,0
80401,0
80402,0
80403,1
80404,0
80405,0
80406,1
80407,0
80408,0
80409,0
80410,0
80411,0
80412,0
80413,0
80414,0
80415,0
80416,0
80417,0
80418,0
80419,0
80420,0
80421,0
80422,1
80423,0
80424,0
80425,0
80426,0
80427,0
80428,0
80429,0
80430,0
80431,0
80432,1
80433,0
80434,1
80435,0
80436,0
80437,1
80438,0
80439,0
80440,0
80441,0
80442,0
80443,1
80444,1
80445,0
80446,1
80447,0
80448,1
80449,1
80450,0
80451,1
80452,1
80453,0
80454,1
80455,1
80456,0
80457,0
80458,1
80459,0
80460,0
80461,1
80462,1
80463,0
80464,0
80465,0
80466,0
80467,0
80468,0
80469,0
80470,1
80471,0
80472,0
80473,1
80474,0
80475,0
80476,1
80477,1
80478,0
80479,0
80480,1
80481,0
80482,1
80483,0
80484,0
80485,1
80486,1
80487,0
80488,0
80489,0
80490,1
80491,0
80492,1
80493,0
80494,0
80495,0
80496,0
80497,0
80498,0
80499,1
80500,1
80501,0
80502,0
80503,1
80504,1
80505,0
80506,0
80507,1
80508,0
80509,0
80510,0
80511,1
80512,0
80513,0
80514,0
80515,1
80516,0
80517,0
80518,1
80519,0
80520,0
80521,0
80522,0
80523,1
80524,0
80525,1
80526,0
80527,1
80528,0
80529,0
80530,0
80531,1
80532,1
80533,1
80534,0
80535,1
80536,0
80537,1
80538,0
80539,0
80540,0
80541,1
80542,0
80543,0
80544,1
80545,0
80546,0
80547,0
80548,0
80549,0
80550,1
80551,0
80552,0
80553,1
80554,0
80555,1
80556,1
80557,0
80558,0
80559,1
80560,0
80561,1
80562,0
80563,0
80564,1
80565,1
80566,0
80567,0
80568,1
80569,0
80570,0
80571,1
80572,0
80573,0
80574,0
80575,0
80576,0
80577,1
80578,0
80579,1
80580,0
80581,0
80582,0
80583,0
80584,0
80585,0
80586,0
80587,0
80588,0
80589,1
80590,0
80591,0
80592,0
80593,0
80594,0
80595,0
80596,1
80597,1
80598,1
80599,0
80600,1
80601,0
80602,0
80603,0
80604,0
80605,0
80606,1
80607,0
80608,0
80609,0
80610,1
80611,1
80612,0
80613,0
80614,0
80615,0
80616,0
80617,0
80618,0
80619,1
80620,1
80621,1
80622,0
80623,1
80624,0
80625,0
80626,0
80627,1
80628,1
80629,0
80630,1
80631,0
80632,0
80633,1
80634,0
80635,0
80636,0
80637,1
80638,0
80639,0
80640,1
80641,0
80642,0
80643,1
80644,0
80645,1
80646,1
80647,0
80648,0
80649,0
80650,0
80651,0
80652,0
80653,1
80654,0
80655,0
80656,0
80657,1
80658,0
80659,0
80660,1
80661,0
80662,0
80663,0
80664,1
80665,0
80666,1
80667,0
80668,0
80669,0
80670,0
80671,0
80672,1
80673,0
80674,1
80675,1
80676,0
80677,0
80678,0
80679,0
80680,0
80681,1
80682,1
80683,0
80684,1
80685,1
80686,1
80687,1
80688,1
80689,0
80690,1
80691,0
80692,1
80693,0
80694,1
80695,1
80696,1
80697,1
80698,0
80699,1
80700,1
80701,1
80702,0
80703,0
80704,1
80705,0
80706,1
80707,1
80708,1
80709,1
80710,0
80711,1
80712,1
80713,1
80714,0
80715,0
80716,0
80717,0
80718,1
80719,1
80720,1
80721,0
80722,1
80723,1
80724,1
80725,0
80726,0
80727,1
80728,1
80729,0
80730,0
80731,0
80732,0
80733,1
80734,1
80735,0
80736,1
80737,0
80738,0
80739,0
80740,0
80741,0
80742,0
80743,0
80744,0
80745,0
80746,1
80747,0
80748,0
80749,0
80750,0
80751,1
80752,0
80753,0
80754,0
80755,0
80756,0
80757,1
80758,0
80759,0
80760,0
80761,0
80762,1
80763,0
80764,0
80765,0
80766,0
80767,0
80768,0
80769,0
80770,1
80771,0
80772,0
80773,0
80774,0
80775,1
80776,1
80777,0
80778,1
80779,0
80780,0
80781,0
80782,0
80783,0
80784,0
80785,0
80786,1
80787,1
80788,0
80789,0
80790,0
80791,0
80792,1
80793,0
80794,0
80795,0
80796,1
80797,0
80798,1
80799,1
80800,1
80801,1
80802,0
80803,0
80804,0
80805,0
80806,1
80807,0
80808,0
80809,0
80810,0
80811,0
80812,0
80813,1
80814,1
80815,0
80816,0
80817,0
80818,0
80819,0
80820,1
80821,0
80822,0
80823,1
80824,0
80825,0
80826,0
80827,0
80828,1
80829,1
80830,1
80831,0
80832,1
80833,0
80834,1
80835,0
80836,1
80837,0
80838,1
80839,0
80840,0
80841,0
80842,1
80843,1
80844,0
80845,1
80846,0
80847,0
80848,0
80849,1
80850,0
80851,1
80852,1
80853,0
80854,0
80855,1
80856,0
80857,0
80858,0
80859,0
80860,0
80861,1
80862,1
80863,1
80864,1
80865,0
80866,1
80867,0
80868,1
80869,1
80870,1
80871,1
80872,1
80873,1
80874,1
80875,1
80876,1
80877,1
80878,1
80879,0
80880,1
80881,1
80882,0
80883,0
80884,0
80885,1
80886,1
80887,1
80888,1
80889,0
80890,0
80891,1
80892,1
80893,1
80894,1
80895,1
80896,1
80897,0
80898,1
80899,0
80900,1
80901,1
80902,1
80903,1
80904,1
80905,1
80906,1
80907,0
80908,1
80909,1
80910,0
80911,1
80912,1
80913,1
80914,1
80915,1
80916,1
80917,0
80918,0
80919,0
80920,1
80921,1
80922,1
80923,1
80924,1
80925,1
80926,1
80927,1
80928,1
80929,1
80930,1
80931,1
80932,1
80933,1
80934,1
80935,1
80936,1
80937,1
80938,1
80939,1
80940,1
80941,1
80942,1
80943,1
80944,0
80945,1
80946,1
80947,1
80948,1
80949,1
80950,1
80951,1
80952,1
80953,0
80954,0
80955,1
80956,0
80957,0
80958,0
80959,0
80960,1
80961,0
80962,1
80963,1
80964,0
80965,0
80966,1
80967,0
80968,0
80969,0
80970,0
80971,1
80972,0
80973,1
80974,1
80975,0
80976,0
80977,1
80978,0
80979,1
80980,0
80981,0
80982,0
80983,0
80984,1
80985,0
80986,0
80987,1
80988,0
80989,0
80990,1
80991,0
80992,0
80993,0
80994,0
80995,0
80996,0
80997,0
80998,0
80999,0
81000,0
81001,1
81002,0
81003,0
81004,1
81005,0
81006,0
81007,0
81008,0
81009,0
81010,0
81011,1
81012,0
81013,0
81014,0
81015,1
81016,1
81017,0
81018,1
81019,0
81020,0
81021,1
81022,0
81023,0
81024,0
81025,1
81026,0
81027,1
81028,0
81029,1
81030,0
81031,0
81032,0
81033,0
81034,0
81035,1
81036,1
81037,1
81038,0
81039,1
81040,0
81041,0
81042,1
81043,1
81044,0
81045,1
81046,1
81047,0
81048,0
81049,0
81050,0
81051,0
81052,0
81053,0
81054,1
81055,0
81056,0
81057,0
81058,0
81059,0
81060,1
81061,1
81062,0
81063,0
81064,1
81065,0
81066,0
81067,0
81068,0
81069,0
81070,0
81071,0
81072,0
81073,0
81074,1
81075,0
81076,0
81077,0
81078,0
81079,0
81080,1
81081,0
81082,0
81083,0
81084,0
81085,1
81086,1
81087,1
81088,1
81089,1
81090,0
81091,0
81092,1
81093,0
81094,0
81095,0
81096,0
81097,1
81098,1
81099,0
81100,1
81101,0
81102,1
81103,0
81104,1
81105,0
81106,0
81107,0
81108,1
81109,0
81110,0
81111,0
81112,0
81113,1
81114,0
81115,0
81116,0
81117,0
81118,0
81119,0
81120,0
81121,1
81122,0
81123,1
81124,1
81125,0
81126,1
81127,0
81128,1
81129,0
81130,1
81131,0
81132,0
81133,1
81134,0
81135,0
81136,0
81137,0
81138,1
81139,1
81140,1
81141,1
81142,1
81143,0
81144,1
81145,1
81146,1
81147,1
81148,1
81149,1
81150,0
81151,0
81152,1
81153,1
81154,1
81155,1
81156,1
81157,1
81158,1
81159,1
81160,1
81161,1
81162,1
81163,1
81164,1
81165,1
81166,0
81167,1
81168,1
81169,1
81170,1
81171,1
81172,1
81173,1
81174,1
81175,1
81176,1
81177,1
81178,1
81179,0
81180,1
81181,1
81182,0
81183,1
81184,1
81185,1
81186,1
81187,1
81188,0
81189,1
81190,1
81191,1
81192,1
81193,1
81194,1
81195,1
81196,1
81197,1
81198,1
81199,1
81200,1
81201,1
81202,0
81203,0
81204,1
81205,0
81206,0
81207,0
81208,0
81209,1
81210,1
81211,0
81212,0
81213,1
81214,1
81215,1
81216,0
81217,1
81218,0
81219,0
81220,0
81221,0
81222,0
81223,0
81224,0
81225,1
81226,0
81227,0
81228,0
81229,1
81230,0
81231,0
81232,0
81233,1
81234,0
81235,1
81236,0
81237,0
81238,0
81239,0
81240,1
81241,0
81242,0
81243,1
81244,0
81245,0
81246,0
81247,0
81248,0
81249,0
81250,1
81251,0
81252,0
81253,0
81254,0
81255,1
81256,0
81257,0
81258,1
81259,0
81260,0
81261,1
81262,1
81263,1
81264,0
81265,0
81266,0
81267,0
81268,0
81269,0
81270,0
81271,1
81272,0
81273,0
81274,0
81275,1
81276,0
81277,1
81278,0
81279,0
81280,0
81281,0
81282,0
81283,0
81284,0
81285,1
81286,1
81287,0
81288,0
81289,0
81290,0
81291,0
81292,1
81293,0
81294,0
81295,0
81296,0
81297,1
81298,0
81299,0
81300,0
81301,1
81302,0
81303,1
81304,0
81305,1
81306,0
81307,1
81308,1
81309,0
81310,0
81311,0
81312,1
81313,1
81314,0
81315,1
81316,1
81317,0
81318,1
81319,1
81320,1
81321,0
81322,0
81323,0
81324,0
81325,0
81326,0
81327,0
81328,0
81329,1
81330,0
81331,1
81332,0
81333,0
81334,1
81335,1
81336,0
81337,0
81338,1
81339,1
81340,0
81341,1
81342,0
81343,0
81344,1
81345,0
81346,0
81347,1
81348,1
81349,0
81350,1
81351,0
81352,1
81353,0
81354,1
81355,0
81356,0
81357,0
81358,0
81359,1
81360,1
81361,1
81362,0
81363,0
81364,0
81365,0
81366,0
81367,1
81368,0
81369,0
81370,0
81371,0
81372,0
81373,1
81374,1
81375,1
81376,1
81377,1
81378,1
81379,1
81380,1
81381,1
81382,0
81383,1
81384,1
81385,1
81386,1
81387,1
81388,1
81389,1
81390,1
81391,1
81392,1
81393,1
81394,0
81395,1
81396,0
81397,0
81398,0
81399,1
81400,1
81401,0
81402,1
81403,1
81404,1
81405,1
81406,1
81407,0
81408,0
81409,0
81410,0
81411,1
81412,1
81413,1
81414,1
81415,1
81416,1
81417,1
81418,1
81419,1
81420,1
81421,1
81422,1
81423,0
81424,0
81425,1
81426,1
81427,1
81428,1
81429,1
81430,1
81431,1
81432,1
81433,0
81434,1
81435,1
81436,1
81437,1
81438,1
81439,1
81440,1
81441,1
81442,1
81443,1
81444,1
81445,1
81446,1
81447,1
81448,1
81449,1
81450,0
81451,0
81452,1
81453,1
81454,0
81455,0
81456,1
81457,1
81458,0
81459,1
81460,0
81461,0
81462,0
81463,0
81464,0
81465,0
81466,1
81467,0
81468,0
81469,0
81470,0
81471,1
81472,0
81473,0
81474,0
81475,0
81476,0
81477,0
81478,0
81479,0
81480,0
81481,0
81482,1
81483,0
81484,1
81485,0
81486,0
81487,0
81488,1
81489,0
81490,0
81491,0
81492,1
81493,0
81494,0
81495,0
81496,0
81497,0
81498,1
81499,0
81500,0
81501,0
81502,0
81503,1
81504,1
81505,0
81506,0
81507,0
81508,0
81509,1
81510,0
81511,0
81512,1
81513,1
81514,0
81515,1
81516,0
81517,1
81518,0
81519,0
81520,0
81521,0
81522,1
81523,0
81524,0
81525,0
81526,1
81527,1
81528,0
81529,0
81530,1
81531,1
81532,0
81533,0
81534,1
81535,1
81536,0
81537,1
81538,0
81539,0
81540,1
81541,0
81542,1
81543,0
81544,1
81545,1
81546,0
81547,0
81548,1
81549,1
81550,0
81551,0
81552,0
81553,0
81554,0
81555,1
81556,0
81557,0
81558,0
81559,0
81560,1
81561,1
81562,0
81563,1
81564,0
81565,0
81566,0
81567,0
81568,1
81569,0
81570,0
81571,0
81572,1
81573,0
81574,0
81575,0
81576,1
81577,0
81578,0
81579,0
81580,0
81581,1
81582,0
81583,1
81584,1
81585,1
81586,1
81587,0
81588,0
81589,1
81590,1
81591,0
81592,1
81593,1
81594,1
81595,0
81596,0
81597,0
81598,0
81599,1
81600,0
81601,1
81602,1
81603,0
81604,0
81605,1
81606,1
81607,0
81608,1
81609,0
81610,1
81611,1
81612,1
81613,1
81614,1
81615,1
81616,0
81617,1
81618,1
81619,1
81620,1
81621,1
81622,1
81623,1
81624,1
81625,1
81626,0
81627,1
81628,1
81629,1
81630,1
81631,0
81632,0
81633,0
81634,1
81635,1
81636,1
81637,1
81638,1
81639,1
81640,1
81641,1
81642,1
81643,1
81644,1
81645,1
81646,1
81647,0
81648,1
81649,0
81650,1
81651,1
81652,0
81653,1
81654,1
81655,1
81656,1
81657,1
81658,0
81659,1
81660,1
81661,1
81662,1
81663,1
81664,1
81665,1
81666,1
81667,1
81668,1
81669,1
81670,1
81671,1
81672,1
81673,0
81674,1
81675,1
81676,0
81677,1
81678,1
81679,1
81680,1
81681,0
81682,0
81683,1
81684,1
81685,1
81686,0
81687,1
81688,1
81689,1
81690,1
81691,1
81692,0
81693,1
81694,0
81695,1
81696,0
81697,0
81698,1
81699,1
81700,1
81701,1
81702,1
81703,1
81704,1
81705,0
81706,1
81707,1
81708,1
81709,0
81710,1
81711,1
81712,1
81713,1
81714,0
81715,1
81716,1
81717,0
81718,1
81719,1
81720,1
81721,0
81722,0
81723,1
81724,0
81725,0
81726,0
81727,0
81728,0
81729,0
81730,1
81731,1
81732,0
81733,1
81734,0
81735,0
81736,0
81737,0
81738,1
81739,0
81740,1
81741,0
81742,0
81743,0
81744,0
81745,1
81746,0
81747,0
81748,1
81749,0
81750,0
81751,0
81752,1
81753,1
81754,0
81755,1
81756,0
81757,0
81758,1
81759,1
81760,0
81761,0
81762,0
81763,0
81764,0
81765,0
81766,0
81767,1
81768,1
81769,0
81770,1
81771,0
81772,0
81773,0
81774,0
81775,0
81776,0
81777,0
81778,0
81779,0
81780,1
81781,0
81782,0
81783,0
81784,0
81785,0
81786,0
81787,0
81788,0
81789,0
81790,1
81791,0
81792,1
81793,0
81794,1
81795,0
81796,1
81797,0
81798,1
81799,0
81800,0
81801,0
81802,0
81803,1
81804,1
81805,0
81806,0
81807,0
81808,0
81809,1
81810,0
81811,1
81812,0
81813,0
81814,0
81815,1
81816,1
81817,0
81818,1
81819,0
81820,0
81821,1
81822,1
81823,0
81824,0
81825,1
81826,0
81827,0
81828,0
81829,1
81830,0
81831,0
81832,0
81833,1
81834,1
81835,0
81836,1
81837,1
81838,1
81839,1
81840,0
81841,1
81842,0
81843,1
81844,1
81845,0
81846,1
81847,0
81848,0
81849,0
81850,1
81851,1
81852,0
81853,1
81854,1
81855,1
81856,1
81857,0
81858,0
81859,0
81860,0
81861,1
81862,0
81863,0
81864,0
81865,0
81866,0
81867,0
81868,0
81869,0
81870,0
81871,1
81872,0
81873,0
81874,1
81875,1
81876,1
81877,1
81878,0
81879,1
81880,1
81881,1
81882,1
81883,1
81884,1
81885,1
81886,0
81887,1
81888,1
81889,1
81890,0
81891,1
81892,1
81893,1
81894,1
81895,1
81896,0
81897,1
81898,1
81899,1
81900,1
81901,1
81902,1
81903,1
81904,1
81905,1
81906,1
81907,0
81908,1
81909,1
81910,1
81911,0
81912,1
81913,1
81914,1
81915,1
81916,1
81917,1
81918,1
81919,1
81920,1
81921,1
81922,1
81923,1
81924,1
81925,1
81926,1
81927,0
81928,1
81929,0
81930,1
81931,1
81932,1
81933,1
81934,1
81935,1
81936,1
81937,1
81938,0
81939,1
81940,0
81941,1
81942,1
81943,0
81944,1
81945,1
81946,1
81947,1
81948,1
81949,1
81950,1
81951,1
81952,1
81953,1
81954,1
81955,1
81956,0
81957,1
81958,1
81959,1
81960,1
81961,1
81962,1
81963,1
81964,1
81965,1
81966,1
81967,1
81968,1
81969,1
81970,1
81971,0
81972,1
81973,1
81974,1
81975,1
81976,1
81977,1
81978,0
81979,0
81980,0
81981,0
81982,0
81983,0
81984,0
81985,0
81986,1
81987,1
81988,1
81989,0
81990,0
81991,0
81992,0
81993,0
81994,0
81995,0
81996,0
81997,0
81998,0
81999,1
82000,1
82001,0
82002,0
82003,0
82004,0
82005,0
82006,0
82007,1
82008,0
82009,0
82010,0
82011,0
82012,1
82013,0
82014,1
82015,0
82016,0
82017,1
82018,1
82019,0
82020,0
82021,0
82022,0
82023,0
82024,1
82025,0
82026,0
82027,0
82028,0
82029,1
82030,0
82031,0
82032,1
82033,0
82034,1
82035,0
82036,1
82037,0
82038,0
82039,1
82040,0
82041,0
82042,0
82043,0
82044,0
82045,0
82046,0
82047,0
82048,0
82049,0
82050,0
82051,0
82052,1
82053,0
82054,0
82055,0
82056,0
82057,1
82058,0
82059,0
82060,1
82061,0
82062,1
82063,0
82064,0
82065,1
82066,1
82067,1
82068,0
82069,1
82070,0
82071,1
82072,0
82073,0
82074,1
82075,1
82076,1
82077,0
82078,0
82079,0
82080,0
82081,0
82082,1
82083,0
82084,0
82085,0
82086,1
82087,0
82088,1
82089,0
82090,0
82091,0
82092,0
82093,1
82094,1
82095,0
82096,1
82097,0
82098,0
82099,0
82100,0
82101,0
82102,0
82103,0
82104,0
82105,0
82106,0
82107,0
82108,0
82109,0
82110,0
82111,0
82112,0
82113,1
82114,1
82115,0
82116,1
82117,1
82118,0
82119,1
82120,0
82121,0
82122,1
82123,1
82124,1
82125,1
82126,1
82127,1
82128,0
82129,0
82130,1
82131,0
82132,0
82133,0
82134,1
82135,0
82136,1
82137,1
82138,1
82139,1
82140,1
82141,1
82142,1
82143,1
82144,1
82145,1
82146,1
82147,1
82148,1
82149,1
82150,0
82151,1
82152,1
82153,0
82154,1
82155,1
82156,0
82157,1
82158,1
82159,1
82160,1
82161,1
82162,0
82163,1
82164,1
82165,1
82166,1
82167,1
82168,1
82169,1
82170,1
82171,1
82172,1
82173,1
82174,1
82175,1
82176,1
82177,1
82178,1
82179,1
82180,0
82181,1
82182,0
82183,1
82184,0
82185,1
82186,1
82187,1
82188,1
82189,1
82190,1
82191,1
82192,1
82193,1
82194,1
82195,1
82196,1
82197,1
82198,1
82199,1
82200,1
82201,1
82202,1
82203,1
82204,1
82205,1
82206,1
82207,1
82208,1
82209,0
82210,1
82211,1
82212,1
82213,1
82214,1
82215,1
82216,1
82217,1
82218,0
82219,1
82220,0
82221,1
82222,1
82223,1
82224,1
82225,1
82226,1
82227,1
82228,0
82229,1
82230,1
82231,1
82232,0
82233,1
82234,1
82235,1
82236,1
82237,1
82238,1
82239,0
82240,1
82241,1
82242,1
82243,0
82244,0
82245,1
82246,1
82247,1
82248,1
82249,1
82250,1
82251,1
82252,0
82253,0
82254,1
82255,1
82256,1
82257,1
82258,1
82259,1
82260,1
82261,1
82262,1
82263,1
82264,1
82265,1
82266,1
82267,0
82268,0
82269,1
82270,0
82271,1
82272,1
82273,1
82274,0
82275,0
82276,0
82277,0
82278,0
82279,1
82280,1
82281,1
82282,0
82283,0
82284,0
82285,0
82286,1
82287,0
82288,1
82289,0
82290,1
82291,0
82292,0
82293,0
82294,1
82295,0
82296,0
82297,0
82298,0
82299,1
82300,0
82301,0
82302,1
82303,0
82304,0
82305,0
82306,0
82307,1
82308,0
82309,1
82310,0
82311,0
82312,0
82313,0
82314,0
82315,0
82316,1
82317,0
82318,0
82319,0
82320,1
82321,1
82322,0
82323,0
82324,0
82325,0
82326,0
82327,1
82328,0
82329,0
82330,1
82331,1
82332,0
82333,1
82334,0
82335,0
82336,1
82337,0
82338,0
82339,0
82340,0
82341,0
82342,0
82343,0
82344,1
82345,0
82346,1
82347,0
82348,0
82349,0
82350,1
82351,0
82352,0
82353,0
82354,0
82355,0
82356,0
82357,0
82358,0
82359,0
82360,1
82361,1
82362,0
82363,1
82364,0
82365,1
82366,0
82367,0
82368,1
82369,0
82370,0
82371,1
82372,1
82373,1
82374,0
82375,0
82376,0
82377,1
82378,0
82379,0
82380,1
82381,0
82382,1
82383,0
82384,0
82385,0
82386,0
82387,0
82388,0
82389,1
82390,0
82391,0
82392,1
82393,0
82394,0
82395,1
82396,0
82397,0
82398,1
82399,0
82400,1
82401,0
82402,0
82403,0
82404,0
82405,0
82406,0
82407,0
82408,1
82409,1
82410,1
82411,1
82412,1
82413,1
82414,1
82415,1
82416,1
82417,1
82418,0
82419,0
82420,1
82421,1
82422,1
82423,1
82424,1
82425,1
82426,1
82427,1
82428,1
82429,0
82430,1
82431,0
82432,1
82433,1
82434,1
82435,1
82436,1
82437,1
82438,1
82439,1
82440,1
82441,0
82442,1
82443,1
82444,1
82445,0
82446,1
82447,1
82448,1
82449,1
82450,1
82451,1
82452,1
82453,0
82454,1
82455,1
82456,1
82457,1
82458,1
82459,1
82460,1
82461,1
82462,1
82463,1
82464,0
82465,0
82466,1
82467,1
82468,0
82469,1
82470,0
82471,0
82472,0
82473,1
82474,1
82475,0
82476,0
82477,1
82478,1
82479,1
82480,1
82481,0
82482,1
82483,1
82484,1
82485,1
82486,1
82487,1
82488,1
82489,1
82490,0
82491,0
82492,1
82493,1
82494,0
82495,1
82496,1
82497,1
82498,1
82499,1
82500,1
82501,1
82502,1
82503,1
82504,0
82505,1
82506,1
82507,1
82508,0
82509,1
82510,1
82511,1
82512,1
82513,1
82514,0
82515,1
82516,1
82517,0
82518,0
82519,0
82520,0
82521,1
82522,1
82523,1
82524,1
82525,1
82526,1
82527,1
82528,1
82529,1
82530,1
82531,1
82532,1
82533,0
82534,0
82535,1
82536,1
82537,0
82538,1
82539,1
82540,1
82541,1
82542,1
82543,1
82544,1
82545,1
82546,1
82547,1
82548,1
82549,1
82550,1
82551,0
82552,0
82553,1
82554,1
82555,0
82556,1
82557,0
82558,0
82559,1
82560,1
82561,1
82562,1
82563,0
82564,0
82565,1
82566,0
82567,1
82568,0
82569,0
82570,1
82571,1
82572,0
82573,0
82574,0
82575,0
82576,1
82577,0
82578,1
82579,1
82580,0
82581,0
82582,0
82583,0
82584,1
82585,0
82586,0
82587,0
82588,0
82589,0
82590,1
82591,1
82592,0
82593,0
82594,0
82595,0
82596,0
82597,0
82598,0
82599,0
82600,0
82601,1
82602,1
82603,0
82604,0
82605,0
82606,1
82607,0
82608,1
82609,0
82610,0
82611,1
82612,0
82613,0
82614,0
82615,0
82616,0
82617,1
82618,0
82619,1
82620,0
82621,1
82622,0
82623,1
82624,0
82625,0
82626,1
82627,0
82628,0
82629,0
82630,0
82631,0
82632,0
82633,0
82634,0
82635,1
82636,1
82637,1
82638,0
82639,1
82640,1
82641,1
82642,0
82643,1
82644,1
82645,0
82646,0
82647,0
82648,0
82649,0
82650,0
82651,0
82652,0
82653,0
82654,0
82655,0
82656,0
82657,0
82658,0
82659,1
82660,0
82661,0
82662,1
82663,1
82664,0
82665,0
82666,0
82667,1
82668,1
82669,0
82670,0
82671,0
82672,0
82673,0
82674,0
82675,1
82676,0
82677,0
82678,0
82679,0
82680,0
82681,1
82682,0
82683,0
82684,0
82685,0
82686,0
82687,0
82688,0
82689,0
82690,0
82691,0
82692,0
82693,0
82694,0
82695,0
82696,0
82697,0
82698,0
82699,1
82700,1
82701,0
82702,0
82703,0
82704,0
82705,0
82706,0
82707,1
82708,0
82709,1
82710,0
82711,1
82712,0
82713,1
82714,1
82715,0
82716,0
82717,0
82718,0
82719,1
82720,0
82721,1
82722,1
82723,1
82724,1
82725,0
82726,1
82727,1
82728,1
82729,0
82730,1
82731,1
82732,1
82733,0
82734,0
82735,1
82736,1
82737,1
82738,1
82739,1
82740,0
82741,1
82742,0
82743,1
82744,1
82745,1
82746,1
82747,1
82748,0
82749,1
82750,1
82751,1
82752,1
82753,1
82754,1
82755,1
82756,0
82757,1
82758,1
82759,1
82760,1
82761,1
82762,1
82763,1
82764,0
82765,1
82766,1
82767,1
82768,1
82769,1
82770,1
82771,0
82772,0
82773,1
82774,1
82775,1
82776,1
82777,1
82778,0
82779,0
82780,1
82781,1
82782,1
82783,1
82784,0
82785,1
82786,1
82787,0
82788,1
82789,1
82790,1
82791,1
82792,1
82793,1
82794,1
82795,1
82796,0
82797,0
82798,1
82799,1
82800,1
82801,1
82802,1
82803,1
82804,0
82805,1
82806,0
82807,1
82808,1
82809,0
82810,1
82811,1
82812,1
82813,1
82814,1
82815,0
82816,1
82817,1
82818,1
82819,1
82820,1
82821,1
82822,1
82823,1
82824,1
82825,1
82826,0
82827,0
82828,0
82829,0
82830,0
82831,1
82832,0
82833,1
82834,1
82835,1
82836,1
82837,1
82838,1
82839,1
82840,1
82841,1
82842,1
82843,1
82844,0
82845,0
82846,1
82847,1
82848,1
82849,0
82850,1
82851,1
82852,1
82853,1
82854,1
82855,0
82856,1
82857,0
82858,1
82859,1
82860,1
82861,1
82862,1
82863,1
82864,1
82865,0
82866,1
82867,1
82868,1
82869,0
82870,1
82871,1
82872,0
82873,1
82874,1
82875,0
82876,1
82877,1
82878,0
82879,0
82880,0
82881,1
82882,0
82883,0
82884,0
82885,0
82886,1
82887,0
82888,1
82889,0
82890,0
82891,0
82892,0
82893,0
82894,0
82895,1
82896,0
82897,1
82898,1
82899,1
82900,0
82901,1
82902,1
82903,0
82904,1
82905,0
82906,0
82907,0
82908,0
82909,1
82910,1
82911,0
82912,0
82913,1
82914,0
82915,1
82916,0
82917,1
82918,1
82919,1
82920,1
82921,1
82922,0
82923,0
82924,0
82925,1
82926,1
82927,1
82928,0
82929,1
82930,0
82931,0
82932,0
82933,0
82934,0
82935,0
82936,0
82937,1
82938,0
82939,0
82940,1
82941,0
82942,0
82943,0
82944,1
82945,0
82946,1
82947,0
82948,0
82949,0
82950,1
82951,1
82952,0
82953,0
82954,0
82955,1
82956,0
82957,0
82958,0
82959,0
82960,1
82961,1
82962,0
82963,1
82964,0
82965,0
82966,0
82967,1
82968,0
82969,0
82970,0
82971,0
82972,0
82973,0
82974,0
82975,0
82976,0
82977,0
82978,0
82979,0
82980,0
82981,0
82982,0
82983,0
82984,0
82985,0
82986,0
82987,0
82988,0
82989,1
82990,1
82991,0
82992,1
82993,0
82994,0
82995,0
82996,0
82997,1
82998,1
82999,0
83000,0
83001,0
83002,0
83003,0
83004,0
83005,1
83006,0
83007,0
83008,0
83009,0
83010,1
83011,0
83012,0
83013,0
83014,0
83015,1
83016,0
83017,1
83018,0
83019,1
83020,1
83021,1
83022,0
83023,1
83024,1
83025,0
83026,0
83027,0
83028,0
83029,0
83030,0
83031,1
83032,0
83033,1
83034,1
83035,0
83036,1
83037,1
83038,1
83039,1
83040,1
83041,1
83042,1
83043,0
83044,1
83045,0
83046,0
83047,1
83048,1
83049,1
83050,1
83051,1
83052,1
83053,0
83054,1
83055,1
83056,1
83057,1
83058,0
83059,0
83060,1
83061,1
83062,1
83063,1
83064,1
83065,1
83066,0
83067,0
83068,0
83069,1
83070,0
83071,1
83072,0
83073,0
83074,1
83075,1
83076,1
83077,1
83078,1
83079,1
83080,0
83081,1
83082,0
83083,1
83084,1
83085,1
83086,1
83087,0
83088,0
83089,0
83090,1
83091,1
83092,1
83093,1
83094,0
83095,1
83096,0
83097,1
83098,1
83099,1
83100,1
83101,1
83102,1
83103,1
83104,1
83105,1
83106,1
83107,1
83108,0
83109,1
83110,1
83111,0
83112,0
83113,1
83114,1
83115,1
83116,1
83117,0
83118,1
83119,1
83120,0
83121,1
83122,1
83123,1
83124,1
83125,0
83126,1
83127,1
83128,0
83129,1
83130,0
83131,0
83132,1
83133,0
83134,0
83135,1
83136,1
83137,0
83138,0
83139,1
83140,1
83141,1
83142,0
83143,0
83144,0
83145,1
83146,1
83147,0
83148,0
83149,0
83150,0
83151,0
83152,1
83153,1
83154,1
83155,1
83156,0
83157,1
83158,0
83159,0
83160,0
83161,0
83162,1
83163,0
83164,1
83165,1
83166,1
83167,1
83168,0
83169,1
83170,1
83171,1
83172,1
83173,0
83174,0
83175,1
83176,0
83177,0
83178,1
83179,1
83180,1
83181,1
83182,0
83183,0
83184,0
83185,0
83186,1
83187,1
83188,0
83189,1
83190,0
83191,1
83192,1
83193,1
83194,1
83195,0
83196,0
83197,0
83198,1
83199,1
83200,1
83201,1
83202,0
83203,0
83204,0
83205,1
83206,1
83207,1
83208,1
83209,1
83210,0
83211,0
83212,0
83213,1
83214,0
83215,0
83216,1
83217,0
83218,1
83219,0
83220,0
83221,0
83222,1
83223,1
83224,1
83225,0
83226,0
83227,0
83228,1
83229,0
83230,0
83231,0
83232,0
83233,0
83234,1
83235,1
83236,0
83237,0
83238,0
83239,1
83240,0
83241,0
83242,1
83243,1
83244,1
83245,0
83246,0
83247,0
83248,0
83249,0
83250,0
83251,1
83252,0
83253,1
83254,0
83255,1
83256,0
83257,0
83258,1
83259,0
83260,1
83261,0
83262,0
83263,0
83264,0
83265,0
83266,0
83267,0
83268,0
83269,1
83270,1
83271,0
83272,1
83273,0
83274,1
83275,1
83276,1
83277,0
83278,0
83279,0
83280,0
83281,1
83282,1
83283,1
83284,1
83285,0
83286,0
83287,1
83288,0
83289,0
83290,0
83291,0
83292,0
83293,0
83294,1
83295,0
83296,0
83297,0
83298,0
83299,1
83300,0
83301,1
83302,1
83303,0
83304,1
83305,1
83306,0
83307,1
83308,1
83309,1
83310,0
83311,0
83312,1
83313,0
83314,0
83315,1
83316,0
83317,1
83318,0
83319,0
83320,1
83321,0
83322,0
83323,0
83324,0
83325,1
83326,1
83327,0
83328,1
83329,0
83330,1
83331,0
83332,0
83333,0
83334,0
83335,0
83336,0
83337,0
83338,0
83339,0
83340,0
83341,1
83342,0
83343,0
83344,0
83345,1
83346,0
83347,0
83348,1
83349,0
83350,1
83351,1
83352,0
83353,0
83354,1
83355,1
83356,0
83357,0
83358,1
83359,0
83360,1
83361,0
83362,0
83363,0
83364,0
83365,0
83366,1
83367,1
83368,0
83369,1
83370,1
83371,1
83372,0
83373,0
83374,0
83375,0
83376,0
83377,1
83378,0
83379,0
83380,1
83381,0
83382,0
83383,0
83384,0
83385,0
83386,0
83387,0
83388,0
83389,0
83390,0
83391,0
83392,1
83393,1
83394,0
83395,1
83396,0
83397,1
83398,0
83399,0
83400,0
83401,1
83402,0
83403,1
83404,1
83405,0
83406,0
83407,1
83408,1
83409,1
83410,1
83411,0
83412,1
83413,1
83414,1
83415,0
83416,0
83417,0
83418,1
83419,0
83420,0
83421,0
83422,1
83423,0
83424,0
83425,0
83426,0
83427,0
83428,0
83429,0
83430,1
83431,0
83432,1
83433,1
83434,1
83435,0
83436,0
83437,1
83438,0
83439,0
83440,0
83441,1
83442,1
83443,1
83444,0
83445,1
83446,0
83447,0
83448,0
83449,0
83450,0
83451,0
83452,1
83453,1
83454,1
83455,0
83456,1
83457,1
83458,0
83459,1
83460,0
83461,1
83462,1
83463,0
83464,1
83465,0
83466,1
83467,0
83468,0
83469,0
83470,0
83471,1
83472,0
83473,0
83474,0
83475,0
83476,0
83477,0
83478,0
83479,1
83480,0
83481,0
83482,0
83483,0
83484,0
83485,1
83486,1
83487,0
83488,1
83489,1
83490,0
83491,0
83492,0
83493,1
83494,1
83495,1
83496,1
83497,0
83498,0
83499,1
83500,1
83501,1
83502,1
83503,0
83504,0
83505,1
83506,0
83507,0
83508,0
83509,0
83510,1
83511,1
83512,0
83513,0
83514,1
83515,1
83516,1
83517,0
83518,0
83519,1
83520,1
83521,1
83522,1
83523,1
83524,1
83525,0
83526,1
83527,0
83528,0
83529,0
83530,0
83531,1
83532,1
83533,0
83534,0
83535,0
83536,1
83537,0
83538,1
83539,0
83540,1
83541,0
83542,0
83543,0
83544,0
83545,0
83546,1
83547,0
83548,0
83549,1
83550,0
83551,0
83552,0
83553,0
83554,1
83555,0
83556,1
83557,0
83558,0
83559,0
83560,0
83561,0
83562,0
83563,0
83564,0
83565,0
83566,1
83567,0
83568,0
83569,1
83570,0
83571,1
83572,0
83573,0
83574,1
83575,1
83576,0
83577,0
83578,1
83579,0
83580,0
83581,0
83582,0
83583,1
83584,0
83585,0
83586,1
83587,1
83588,0
83589,0
83590,0
83591,0
83592,0
83593,0
83594,0
83595,0
83596,0
83597,0
83598,1
83599,0
83600,1
83601,0
83602,1
83603,0
83604,1
83605,1
83606,1
83607,1
83608,1
83609,0
83610,1
83611,0
83612,1
83613,1
83614,0
83615,1
83616,0
83617,0
83618,1
83619,0
83620,0
83621,1
83622,0
83623,0
83624,0
83625,0
83626,0
83627,0
83628,0
83629,0
83630,0
83631,1
83632,0
83633,1
83634,0
83635,0
83636,1
83637,0
83638,1
83639,1
83640,1
83641,0
83642,0
83643,0
83644,0
83645,0
83646,1
83647,0
83648,1
83649,0
83650,0
83651,0
83652,1
83653,0
83654,0
83655,0
83656,0
83657,0
83658,1
83659,0
83660,0
83661,0
83662,1
83663,1
83664,0
83665,1
83666,1
83667,1
83668,0
83669,1
83670,0
83671,0
83672,0
83673,0
83674,1
83675,1
83676,1
83677,1
83678,0
83679,0
83680,0
83681,1
83682,1
83683,0
83684,1
83685,0
83686,0
83687,0
83688,1
83689,1
83690,1
83691,1
83692,0
83693,0
83694,1
83695,1
83696,0
83697,1
83698,1
83699,1
83700,0
83701,0
83702,0
83703,1
83704,0
83705,1
83706,0
83707,0
83708,0
83709,0
83710,0
83711,0
83712,1
83713,1
83714,1
83715,1
83716,0
83717,0
83718,0
83719,0
83720,0
83721,1
83722,0
83723,1
83724,0
83725,0
83726,1
83727,0
83728,1
83729,0
83730,1
83731,0
83732,1
83733,1
83734,1
83735,0
83736,1
83737,0
83738,1
83739,1
83740,0
83741,1
83742,1
83743,1
83744,1
83745,0
83746,0
83747,0
83748,0
83749,1
83750,1
83751,0
83752,0
83753,0
83754,0
83755,0
83756,0
83757,1
83758,0
83759,0
83760,0
83761,0
83762,0
83763,1
83764,0
83765,0
83766,0
83767,0
83768,0
83769,1
83770,0
83771,1
83772,0
83773,0
83774,0
83775,0
83776,1
83777,0
83778,1
83779,1
83780,0
83781,1
83782,0
83783,0
83784,1
83785,0
83786,1
83787,0
83788,1
83789,0
83790,1
83791,1
83792,1
83793,0
83794,0
83795,1
83796,0
83797,0
83798,0
83799,0
83800,1
83801,0
83802,0
83803,1
83804,1
83805,0
83806,1
83807,1
83808,1
83809,1
83810,0
83811,0
83812,1
83813,0
83814,0
83815,1
83816,1
83817,0
83818,0
83819,0
83820,1
83821,1
83822,1
83823,0
83824,1
83825,0
83826,1
83827,1
83828,0
83829,0
83830,1
83831,1
83832,0
83833,0
83834,0
83835,0
83836,1
83837,1
83838,1
83839,1
83840,0
83841,1
83842,0
83843,0
83844,0
83845,0
83846,1
83847,1
83848,0
83849,0
83850,0
83851,0
83852,0
83853,0
83854,0
83855,0
83856,0
83857,1
83858,1
83859,0
83860,0
83861,0
83862,0
83863,0
83864,0
83865,0
83866,0
83867,0
83868,0
83869,0
83870,0
83871,0
83872,0
83873,1
83874,1
83875,0
83876,1
83877,1
83878,1
83879,0
83880,1
83881,0
83882,0
83883,1
83884,0
83885,0
83886,1
83887,1
83888,0
83889,1
83890,1
83891,1
83892,0
83893,1
83894,0
83895,0
83896,1
83897,0
83898,0
83899,1
83900,1
83901,1
83902,1
83903,1
83904,0
83905,0
83906,1
83907,0
83908,0
83909,1
83910,0
83911,0
83912,0
83913,0
83914,1
83915,1
83916,0
83917,0
83918,0
83919,0
83920,0
83921,1
83922,0
83923,1
83924,0
83925,0
83926,0
83927,1
83928,0
83929,1
83930,0
83931,0
83932,0
83933,0
83934,1
83935,1
83936,0
83937,0
83938,0
83939,0
83940,1
83941,0
83942,1
83943,0
83944,0
83945,0
83946,0
83947,1
83948,1
83949,0
83950,0
83951,0
83952,0
83953,1
83954,0
83955,0
83956,0
83957,1
83958,0
83959,1
83960,0
83961,1
83962,0
83963,1
83964,0
83965,0
83966,0
83967,1
83968,1
83969,0
83970,1
83971,0
83972,0
83973,0
83974,0
83975,0
83976,1
83977,1
83978,1
83979,0
83980,1
83981,1
83982,0
83983,0
83984,0
83985,0
83986,1
83987,0
83988,1
83989,0
83990,0
83991,1
83992,0
83993,0
83994,0
83995,1
83996,1
83997,1
83998,0
83999,1
84000,1
84001,0
84002,0
84003,0
84004,0
84005,0
84006,1
84007,0
84008,0
84009,0
84010,1
84011,1
84012,0
84013,0
84014,0
84015,0
84016,0
84017,0
84018,1
84019,0
84020,0
84021,0
84022,0
84023,1
84024,0
84025,0
84026,0
84027,1
84028,0
84029,0
84030,0
84031,0
84032,0
84033,1
84034,0
84035,0
84036,1
84037,1
84038,1
84039,0
84040,0
84041,0
84042,1
84043,0
84044,1
84045,0
84046,0
84047,1
84048,0
84049,0
84050,1
84051,0
84052,0
84053,0
84054,0
84055,0
84056,1
84057,1
84058,0
84059,1
84060,0
84061,0
84062,0
84063,0
84064,1
84065,0
84066,1
84067,0
84068,0
84069,0
84070,0
84071,0
84072,0
84073,0
84074,0
84075,0
84076,0
84077,1
84078,0
84079,1
84080,0
84081,0
84082,1
84083,0
84084,0
84085,1
84086,1
84087,0
84088,1
84089,0
84090,0
84091,1
84092,0
84093,1
84094,0
84095,1
84096,0
84097,0
84098,0
84099,1
84100,0
84101,0
84102,0
84103,0
84104,1
84105,1
84106,0
84107,0
84108,1
84109,0
84110,0
84111,0
84112,1
84113,0
84114,0
84115,1
84116,0
84117,1
84118,0
84119,1
84120,1
84121,0
84122,0
84123,0
84124,0
84125,0
84126,0
84127,0
84128,1
84129,1
84130,0
84131,1
84132,0
84133,1
84134,1
84135,1
84136,0
84137,0
84138,0
84139,0
84140,0
84141,1
84142,0
84143,1
84144,0
84145,0
84146,0
84147,1
84148,0
84149,0
84150,1
84151,0
84152,1
84153,0
84154,1
84155,0
84156,0
84157,1
84158,1
84159,0
84160,1
84161,0
84162,1
84163,0
84164,0
84165,0
84166,0
84167,0
84168,0
84169,1
84170,0
84171,1
84172,1
84173,1
84174,0
84175,1
84176,0
84177,0
84178,0
84179,0
84180,0
84181,0
84182,1
84183,0
84184,0
84185,0
84186,1
84187,0
84188,1
84189,1
84190,0
84191,0
84192,0
84193,1
84194,1
84195,1
84196,1
84197,0
84198,1
84199,1
84200,0
84201,0
84202,0
84203,1
84204,1
84205,1
84206,0
84207,0
84208,0
84209,0
84210,0
84211,0
84212,1
84213,0
84214,0
84215,0
84216,1
84217,0
84218,1
84219,0
84220,1
84221,0
84222,0
84223,1
84224,1
84225,1
84226,1
84227,0
84228,1
84229,1
84230,0
84231,1
84232,0
84233,0
84234,1
84235,0
84236,0
84237,0
84238,0
84239,1
84240,0
84241,0
84242,0
84243,1
84244,0
84245,0
84246,0
84247,0
84248,0
84249,0
84250,1
84251,1
84252,0
84253,0
84254,0
84255,0
84256,0
84257,0
84258,1
84259,1
84260,0
84261,0
84262,1
84263,1
84264,0
84265,0
84266,0
84267,0
84268,0
84269,0
84270,1
84271,0
84272,0
84273,0
84274,0
84275,1
84276,1
84277,0
84278,1
84279,0
84280,0
84281,1
84282,0
84283,0
84284,0
84285,0
84286,0
84287,0
84288,0
84289,0
84290,0
84291,1
84292,0
84293,0
84294,0
84295,1
84296,1
84297,0
84298,0
84299,1
84300,0
84301,0
84302,0
84303,0
84304,0
84305,0
84306,1
84307,0
84308,0
84309,0
84310,0
84311,0
84312,0
84313,0
84314,1
84315,0
84316,0
84317,0
84318,0
84319,0
84320,0
84321,0
84322,1
84323,0
84324,1
84325,0
84326,0
84327,1
84328,0
84329,1
84330,1
84331,0
84332,0
84333,0
84334,1
84335,0
84336,1
84337,0
84338,0
84339,0
84340,0
84341,1
84342,0
84343,1
84344,1
84345,1
84346,0
84347,1
84348,0
84349,0
84350,0
84351,0
84352,0
84353,0
84354,0
84355,0
84356,1
84357,0
84358,0
84359,1
84360,0
84361,0
84362,0
84363,1
84364,0
84365,1
84366,0
84367,1
84368,1
84369,1
84370,1
84371,1
84372,0
84373,1
84374,1
84375,1
84376,1
84377,0
84378,0
84379,0
84380,0
84381,1
84382,1
84383,0
84384,0
84385,0
84386,1
84387,0
84388,0
84389,1
84390,1
84391,1
84392,0
84393,1
84394,1
84395,0
84396,0
84397,0
84398,0
84399,0
84400,0
84401,0
84402,0
84403,1
84404,1
84405,0
84406,0
84407,0
84408,1
84409,0
84410,0
84411,1
84412,1
84413,1
84414,0
84415,0
84416,1
84417,1
84418,1
84419,0
84420,0
84421,1
84422,1
84423,1
84424,1
84425,0
84426,1
84427,0
84428,1
84429,0
84430,0
84431,0
84432,0
84433,1
84434,0
84435,0
84436,0
84437,0
84438,1
84439,0
84440,1
84441,1
84442,0
84443,0
84444,0
84445,0
84446,0
84447,0
84448,0
84449,0
84450,1
84451,1
84452,0
84453,1
84454,0
84455,0
84456,0
84457,1
84458,0
84459,0
84460,0
84461,0
84462,0
84463,0
84464,0
84465,0
84466,0
84467,1
84468,0
84469,1
84470,1
84471,1
84472,0
84473,1
84474,1
84475,1
84476,1
84477,1
84478,1
84479,1
84480,1
84481,0
84482,1
84483,1
84484,1
84485,0
84486,0
84487,1
84488,0
84489,1
84490,1
84491,1
84492,0
84493,0
84494,1
84495,1
84496,1
84497,1
84498,1
84499,1
84500,1
84501,1
84502,1
84503,0
84504,1
84505,0
84506,0
84507,1
84508,0
84509,1
84510,0
84511,1
84512,0
84513,0
84514,1
84515,0
84516,1
84517,1
84518,1
84519,0
84520,0
84521,0
84522,1
84523,1
84524,1
84525,0
84526,0
84527,1
84528,1
84529,1
84530,1
84531,0
84532,1
84533,1
84534,1
84535,0
84536,1
84537,1
84538,1
84539,0
84540,0
84541,0
84542,1
84543,1
84544,0
84545,1
84546,1
84547,1
84548,1
84549,1
84550,0
84551,0
84552,1
84553,1
84554,0
84555,0
84556,1
84557,1
84558,1
84559,1
84560,1
84561,1
84562,1
84563,1
84564,0
84565,1
84566,0
84567,1
84568,0
84569,0
84570,0
84571,0
84572,1
84573,1
84574,1
84575,1
84576,1
84577,1
84578,1
84579,1
84580,1
84581,1
84582,1
84583,1
84584,1
84585,1
84586,1
84587,0
84588,0
84589,0
84590,0
84591,1
84592,1
84593,0
84594,1
84595,0
84596,1
84597,1
84598,1
84599,1
84600,1
84601,1
84602,0
84603,1
84604,1
84605,1
84606,0
84607,0
84608,1
84609,0
84610,1
84611,1
84612,1
84613,0
84614,0
84615,1
84616,1
84617,0
84618,1
84619,1
84620,1
84621,1
84622,0
84623,1
84624,0
84625,1
84626,1
84627,0
84628,0
84629,0
84630,1
84631,1
84632,1
84633,0
84634,1
84635,0
84636,1
84637,0
84638,1
84639,0
84640,1
84641,1
84642,0
84643,1
84644,1
84645,1
84646,0
84647,1
84648,1
84649,1
84650,1
84651,0
84652,0
84653,1
84654,0
84655,0
84656,0
84657,1
84658,1
84659,1
84660,1
84661,0
84662,0
84663,0
84664,0
84665,0
84666,0
84667,0
84668,0
84669,0
84670,1
84671,0
84672,1
84673,0
84674,0
84675,0
84676,1
84677,1
84678,0
84679,0
84680,0
84681,1
84682,0
84683,1
84684,0
84685,0
84686,0
84687,0
84688,0
84689,0
84690,0
84691,1
84692,1
84693,1
84694,0
84695,1
84696,1
84697,1
84698,0
84699,0
84700,0
84701,1
84702,0
84703,0
84704,1
84705,0
84706,0
84707,0
84708,1
84709,0
84710,0
84711,0
84712,0
84713,1
84714,0
84715,0
84716,1
84717,0
84718,0
84719,0
84720,0
84721,1
84722,0
84723,0
84724,0
84725,0
84726,1
84727,1
84728,1
84729,0
84730,0
84731,1
84732,1
84733,1
84734,1
84735,0
84736,0
84737,0
84738,0
84739,0
84740,0
84741,0
84742,1
84743,0
84744,0
84745,1
84746,1
84747,0
84748,0
84749,1
84750,0
84751,0
84752,0
84753,0
84754,1
84755,0
84756,0
84757,0
84758,0
84759,1
84760,1
84761,0
84762,0
84763,0
84764,0
84765,0
84766,0
84767,1
84768,0
84769,0
84770,1
84771,1
84772,1
84773,0
84774,1
84775,0
84776,1
84777,0
84778,1
84779,0
84780,0
84781,0
84782,0
84783,0
84784,1
84785,0
84786,0
84787,1
84788,0
84789,1
84790,1
84791,0
84792,0
84793,0
84794,1
84795,0
84796,0
84797,1
84798,1
84799,0
84800,0
84801,1
84802,0
84803,0
84804,1
84805,0
84806,0
84807,1
84808,0
84809,0
84810,0
84811,1
84812,0
84813,0
84814,0
84815,0
84816,1
84817,0
84818,0
84819,0
84820,1
84821,0
84822,1
84823,0
84824,1
84825,1
84826,0
84827,0
84828,0
84829,1
84830,0
84831,0
84832,0
84833,1
84834,0
84835,1
84836,0
84837,1
84838,0
84839,0
84840,0
84841,0
84842,1
84843,1
84844,0
84845,0
84846,0
84847,1
84848,1
84849,0
84850,0
84851,1
84852,0
84853,1
84854,0
84855,0
84856,1
84857,0
84858,0
84859,0
84860,0
84861,0
84862,0
84863,0
84864,0
84865,1
84866,0
84867,1
84868,1
84869,0
84870,1
84871,1
84872,1
84873,1
84874,0
84875,1
84876,0
84877,1
84878,1
84879,1
84880,1
84881,0
84882,0
84883,0
84884,0
84885,0
84886,0
84887,0
84888,0
84889,1
84890,0
84891,0
84892,0
84893,0
84894,0
84895,0
84896,0
84897,0
84898,0
84899,0
84900,0
84901,0
84902,1
84903,0
84904,0
84905,1
84906,1
84907,0
84908,0
84909,1
84910,0
84911,0
84912,0
84913,0
84914,0
84915,1
84916,1
84917,1
84918,0
84919,1
84920,1
84921,1
84922,0
84923,0
84924,0
84925,0
84926,1
84927,0
84928,0
84929,0
84930,0
84931,1
84932,0
84933,0
84934,0
84935,1
84936,0
84937,0
84938,1
84939,1
84940,0
84941,1
84942,0
84943,1
84944,0
84945,0
84946,0
84947,1
84948,0
84949,0
84950,0
84951,0
84952,1
84953,1
84954,1
84955,0
84956,1
84957,1
84958,0
84959,1
84960,1
84961,1
84962,0
84963,0
84964,1
84965,0
84966,0
84967,0
84968,1
84969,1
84970,0
84971,1
84972,0
84973,0
84974,0
84975,0
84976,1
84977,0
84978,0
84979,0
84980,0
84981,0
84982,0
84983,1
84984,0
84985,0
84986,0
84987,0
84988,0
84989,0
84990,0
84991,1
84992,1
84993,0
84994,1
84995,0
84996,0
84997,0
84998,0
84999,1
85000,0
85001,0
85002,0
85003,0
85004,0
85005,0
85006,1
85007,1
85008,0
85009,0
85010,0
85011,0
85012,0
85013,1
85014,0
85015,1
85016,0
85017,1
85018,1
85019,0
85020,0
85021,1
85022,1
85023,1
85024,0
85025,0
85026,0
85027,1
85028,0
85029,0
85030,0
85031,1
85032,0
85033,0
85034,1
85035,0
85036,0
85037,0
85038,0
85039,0
85040,0
85041,1
85042,1
85043,0
85044,0
85045,0
85046,1
85047,0
85048,1
85049,0
85050,0
85051,1
85052,1
85053,0
85054,1
85055,1
85056,1
85057,1
85058,0
85059,0
85060,1
85061,1
85062,0
85063,0
85064,0
85065,0
85066,1
85067,0
85068,0
85069,0
85070,0
85071,1
85072,0
85073,1
85074,1
85075,0
85076,1
85077,0
85078,0
85079,0
85080,0
85081,1
85082,1
85083,0
85084,0
85085,0
85086,0
85087,0
85088,0
85089,0
85090,1
85091,0
85092,0
85093,0
85094,0
85095,1
85096,0
85097,0
85098,0
85099,1
85100,0
85101,0
85102,1
85103,0
85104,0
85105,0
85106,1
85107,0
85108,0
85109,0
85110,0
85111,0
85112,1
85113,1
85114,0
85115,1
85116,0
85117,1
85118,0
85119,0
85120,1
85121,1
85122,0
85123,1
85124,0
85125,1
85126,0
85127,0
85128,1
85129,1
85130,0
85131,1
85132,0
85133,1
85134,1
85135,0
85136,0
85137,1
85138,0
85139,0
85140,1
85141,0
85142,0
85143,0
85144,0
85145,1
85146,0
85147,1
85148,0
85149,0
85150,1
85151,0
85152,0
85153,1
85154,1
85155,1
85156,0
85157,1
85158,1
85159,1
85160,1
85161,0
85162,0
85163,1
85164,0
85165,0
85166,1
85167,0
85168,0
85169,1
85170,1
85171,1
85172,1
85173,0
85174,0
85175,1
85176,0
85177,0
85178,0
85179,1
85180,0
85181,0
85182,0
85183,0
85184,0
85185,0
85186,1
85187,0
85188,0
85189,0
85190,0
85191,1
85192,0
85193,0
85194,0
85195,0
85196,0
85197,0
85198,0
85199,0
85200,1
85201,1
85202,0
85203,0
85204,0
85205,1
85206,1
85207,0
85208,1
85209,1
85210,0
85211,0
85212,0
85213,0
85214,1
85215,0
85216,1
85217,0
85218,1
85219,0
85220,0
85221,1
85222,1
85223,1
85224,0
85225,1
85226,0
85227,0
85228,0
85229,0
85230,0
85231,0
85232,0
85233,0
85234,1
85235,0
85236,1
85237,1
85238,1
85239,1
85240,0
85241,0
85242,1
85243,0
85244,1
85245,0
85246,0
85247,0
85248,0
85249,1
85250,0
85251,0
85252,0
85253,0
85254,0
85255,1
85256,0
85257,1
85258,0
85259,1
85260,0
85261,1
85262,0
85263,0
85264,1
85265,0
85266,1
85267,1
85268,1
85269,1
85270,1
85271,0
85272,1
85273,0
85274,0
85275,1
85276,0
85277,1
85278,0
85279,0
85280,1
85281,0
85282,1
85283,1
85284,1
85285,0
85286,1
85287,0
85288,1
85289,0
85290,0
85291,0
85292,0
85293,0
85294,0
85295,0
85296,0
85297,0
85298,0
85299,1
85300,0
85301,1
85302,1
85303,0
85304,1
85305,0
85306,0
85307,0
85308,0
85309,1
85310,0
85311,0
85312,0
85313,0
85314,0
85315,0
85316,0
85317,0
85318,0
85319,0
85320,0
85321,0
85322,0
85323,0
85324,0
85325,1
85326,0
85327,0
85328,1
85329,0
85330,0
85331,1
85332,0
85333,0
85334,1
85335,1
85336,0
85337,0
85338,0
85339,0
85340,0
85341,1
85342,1
85343,0
85344,1
85345,0
85346,1
85347,1
85348,0
85349,0
85350,0
85351,1
85352,0
85353,1
85354,0
85355,0
85356,0
85357,1
85358,0
85359,0
85360,0
85361,0
85362,0
85363,1
85364,0
85365,0
85366,0
85367,0
85368,0
85369,0
85370,0
85371,0
85372,0
85373,0
85374,0
85375,0
85376,1
85377,0
85378,1
85379,0
85380,0
85381,1
85382,1
85383,0
85384,0
85385,1
85386,0
85387,0
85388,0
85389,0
85390,0
85391,0
85392,1
85393,0
85394,0
85395,0
85396,0
85397,0
85398,0
85399,0
85400,0
85401,1
85402,0
85403,0
85404,0
85405,0
85406,1
85407,0
85408,1
85409,0
85410,0
85411,1
85412,0
85413,0
85414,1
85415,0
85416,0
85417,0
85418,0
85419,0
85420,0
85421,0
85422,1
85423,0
85424,1
85425,0
85426,0
85427,0
85428,1
85429,1
85430,0
85431,0
85432,0
85433,0
85434,1
85435,0
85436,1
85437,0
85438,1
85439,1
85440,1
85441,0
85442,0
85443,0
85444,0
85445,0
85446,0
85447,1
85448,0
85449,1
85450,0
85451,1
85452,0
85453,0
85454,0
85455,1
85456,0
85457,1
85458,1
85459,1
85460,0
85461,0
85462,0
85463,0
85464,1
85465,1
85466,0
85467,0
85468,1
85469,0
85470,0
85471,1
85472,1
85473,0
85474,0
85475,0
85476,1
85477,0
85478,0
85479,0
85480,1
85481,0
85482,0
85483,1
85484,1
85485,0
85486,0
85487,1
85488,1
85489,1
85490,0
85491,0
85492,0
85493,0
85494,0
85495,0
85496,1
85497,0
85498,1
85499,0
85500,1
85501,1
85502,1
85503,0
85504,1
85505,1
85506,0
85507,0
85508,0
85509,1
85510,1
85511,1
85512,1
85513,0
85514,1
85515,0
85516,0
85517,0
85518,0
85519,0
85520,0
85521,0
85522,1
85523,1
85524,0
85525,0
85526,1
85527,1
85528,1
85529,0
85530,1
85531,1
85532,0
85533,1
85534,0
85535,1
85536,0
85537,0
85538,0
85539,1
85540,0
85541,1
85542,0
85543,0
85544,0
85545,0
85546,0
85547,0
85548,1
85549,0
85550,1
85551,0
85552,1
85553,1
85554,0
85555,1
85556,1
85557,0
85558,0
85559,1
85560,1
85561,1
85562,0
85563,1
85564,1
85565,0
85566,0
85567,0
85568,0
85569,0
85570,0
85571,0
85572,1
85573,1
85574,1
85575,0
85576,1
85577,0
85578,1
85579,0
85580,0
85581,1
85582,0
85583,1
85584,1
85585,0
85586,1
85587,1
85588,1
85589,1
85590,0
85591,1
85592,1
85593,1
85594,1
85595,1
85596,1
85597,1
85598,1
85599,0
85600,1
85601,1
85602,0
85603,0
85604,1
85605,1
85606,0
85607,0
85608,0
85609,0
85610,0
85611,0
85612,0
85613,0
85614,0
85615,0
85616,0
85617,0
85618,1
85619,0
85620,0
85621,0
85622,1
85623,0
85624,0
85625,0
85626,0
85627,0
85628,0
85629,0
85630,0
85631,0
85632,0
85633,1
85634,1
85635,0
85636,1
85637,0
85638,1
85639,0
85640,0
85641,0
85642,0
85643,0
85644,1
85645,0
85646,0
85647,1
85648,0
85649,1
85650,0
85651,0
85652,0
85653,0
85654,0
85655,0
85656,1
85657,0
85658,1
85659,0
85660,0
85661,0
85662,0
85663,0
85664,1
85665,0
85666,0
85667,0
85668,0
85669,1
85670,0
85671,0
85672,1
85673,1
85674,1
85675,1
85676,0
85677,0
85678,0
85679,1
85680,1
85681,0
85682,1
85683,0
85684,1
85685,0
85686,1
85687,1
85688,0
85689,1
85690,0
85691,1
85692,1
85693,0
85694,0
85695,1
85696,0
85697,0
85698,1
85699,0
85700,1
85701,1
85702,0
85703,1
85704,0
85705,1
85706,1
85707,0
85708,0
85709,1
85710,0
85711,1
85712,1
85713,1
85714,0
85715,0
85716,0
85717,0
85718,0
85719,1
85720,1
85721,0
85722,1
85723,0
85724,0
85725,0
85726,0
85727,0
85728,1
85729,1
85730,0
85731,0
85732,1
85733,1
85734,1
85735,1
85736,1
85737,1
85738,1
85739,0
85740,1
85741,1
85742,0
85743,0
85744,0
85745,0
85746,1
85747,1
85748,0
85749,0
85750,0
85751,0
85752,0
85753,0
85754,0
85755,0
85756,0
85757,0
85758,1
85759,0
85760,0
85761,1
85762,1
85763,1
85764,1
85765,1
85766,0
85767,0
85768,0
85769,0
85770,0
85771,1
85772,1
85773,0
85774,1
85775,0
85776,1
85777,1
85778,0
85779,0
85780,1
85781,0
85782,1
85783,0
85784,0
85785,0
85786,0
85787,1
85788,1
85789,0
85790,0
85791,0
85792,1
85793,1
85794,0
85795,1
85796,0
85797,1
85798,1
85799,0
85800,1
85801,0
85802,0
85803,0
85804,0
85805,0
85806,0
85807,1
85808,0
85809,0
85810,0
85811,0
85812,1
85813,0
85814,1
85815,0
85816,0
85817,0
85818,0
85819,0
85820,0
85821,0
85822,0
85823,0
85824,0
85825,0
85826,0
85827,0
85828,0
85829,0
85830,0
85831,1
85832,0
85833,0
85834,1
85835,1
85836,0
85837,0
85838,0
85839,0
85840,0
85841,0
85842,0
85843,0
85844,0
85845,0
85846,0
85847,1
85848,0
85849,1
85850,1
85851,1
85852,0
85853,1
85854,0
85855,0
85856,0
85857,0
85858,0
85859,1
85860,0
85861,0
85862,0
85863,0
85864,1
85865,1
85866,1
85867,0
85868,1
85869,1
85870,0
85871,0
85872,0
85873,0
85874,0
85875,0
85876,1
85877,1
85878,1
85879,1
85880,0
85881,0
85882,1
85883,0
85884,0
85885,1
85886,1
85887,0
85888,0
85889,1
85890,1
85891,1
85892,0
85893,0
85894,0
85895,0
85896,0
85897,0
85898,0
85899,1
85900,0
85901,0
85902,0
85903,0
85904,0
85905,0
85906,1
85907,0
85908,0
85909,1
85910,0
85911,0
85912,1
85913,0
85914,0
85915,1
85916,0
85917,1
85918,0
85919,1
85920,0
85921,1
85922,0
85923,1
85924,1
85925,1
85926,1
85927,0
85928,0
85929,0
85930,0
85931,0
85932,1
85933,0
85934,0
85935,0
85936,0
85937,1
85938,1
85939,0
85940,0
85941,1
85942,0
85943,0
85944,1
85945,0
85946,0
85947,0
85948,0
85949,0
85950,0
85951,1
85952,0
85953,0
85954,0
85955,0
85956,0
85957,1
85958,0
85959,0
85960,0
85961,0
85962,1
85963,0
85964,0
85965,1
85966,0
85967,0
85968,0
85969,0
85970,0
85971,1
85972,1
85973,0
85974,0
85975,0
85976,0
85977,0
85978,0
85979,1
85980,0
85981,1
85982,1
85983,0
85984,0
85985,0
85986,0
85987,0
85988,0
85989,1
85990,1
85991,0
85992,0
85993,1
85994,0
85995,0
85996,0
85997,0
85998,1
85999,1
86000,0
86001,0
86002,1
86003,0
86004,0
86005,0
86006,0
86007,0
86008,0
86009,1
86010,0
86011,1
86012,1
86013,0
86014,1
86015,1
86016,0
86017,0
86018,1
86019,1
86020,0
86021,0
86022,0
86023,0
86024,0
86025,1
86026,1
86027,0
86028,0
86029,0
86030,1
86031,0
86032,0
86033,0
86034,1
86035,0
86036,0
86037,1
86038,0
86039,0
86040,0
86041,0
86042,1
86043,0
86044,0
86045,0
86046,0
86047,1
86048,0
86049,1
86050,0
86051,0
86052,0
86053,0
86054,0
86055,0
86056,1
86057,1
86058,0
86059,1
86060,0
86061,0
86062,1
86063,0
86064,0
86065,1
86066,1
86067,0
86068,0
86069,0
86070,0
86071,0
86072,0
86073,1
86074,1
86075,1
86076,0
86077,0
86078,0
86079,1
86080,0
86081,0
86082,1
86083,0
86084,0
86085,0
86086,1
86087,0
86088,1
86089,0
86090,0
86091,0
86092,0
86093,1
86094,0
86095,0
86096,0
86097,0
86098,0
86099,0
86100,0
86101,0
86102,1
86103,0
86104,0
86105,0
86106,0
86107,1
86108,1
86109,1
86110,0
86111,1
86112,1
86113,1
86114,0
86115,0
86116,0
86117,0
86118,0
86119,0
86120,0
86121,1
86122,0
86123,0
86124,0
86125,1
86126,0
86127,0
86128,0
86129,0
86130,1
86131,0
86132,0
86133,0
86134,1
86135,1
86136,0
86137,0
86138,0
86139,0
86140,1
86141,1
86142,1
86143,0
86144,0
86145,1
86146,0
86147,0
86148,1
86149,1
86150,0
86151,1
86152,0
86153,0
86154,1
86155,1
86156,0
86157,1
86158,0
86159,0
86160,1
86161,0
86162,1
86163,0
86164,1
86165,0
86166,0
86167,0
86168,1
86169,0
86170,0
86171,0
86172,1
86173,1
86174,0
86175,0
86176,1
86177,0
86178,0
86179,1
86180,0
86181,1
86182,0
86183,0
86184,1
86185,0
86186,0
86187,1
86188,0
86189,0
86190,0
86191,1
86192,1
86193,1
86194,0
86195,0
86196,0
86197,0
86198,1
86199,1
86200,0
86201,1
86202,0
86203,1
86204,1
86205,0
86206,1
86207,0
86208,1
86209,0
86210,1
86211,0
86212,0
86213,0
86214,0
86215,1
86216,0
86217,0
86218,1
86219,0
86220,0
86221,0
86222,0
86223,0
86224,1
86225,0
86226,0
86227,0
86228,0
86229,1
86230,0
86231,0
86232,0
86233,1
86234,0
86235,1
86236,0
86237,0
86238,0
86239,0
86240,0
86241,0
86242,1
86243,0
86244,0
86245,1
86246,0
86247,0
86248,0
86249,1
86250,1
86251,0
86252,1
86253,1
86254,1
86255,0
86256,0
86257,1
86258,0
86259,0
86260,1
86261,1
86262,0
86263,0
86264,0
86265,0
86266,0
86267,1
86268,0
86269,0
86270,1
86271,1
86272,0
86273,0
86274,0
86275,0
86276,0
86277,1
86278,1
86279,0
86280,0
86281,1
86282,1
86283,0
86284,0
86285,0
86286,0
86287,0
86288,1
86289,1
86290,0
86291,1
86292,1
86293,0
86294,0
86295,0
86296,0
86297,0
86298,0
86299,0
86300,0
86301,0
86302,1
86303,1
86304,1
86305,1
86306,0
86307,1
86308,1
86309,1
86310,1
86311,0
86312,0
86313,1
86314,1
86315,1
86316,0
86317,1
86318,0
86319,1
86320,1
86321,0
86322,0
86323,1
86324,1
86325,0
86326,0
86327,1
86328,0
86329,0
86330,0
86331,1
86332,1
86333,1
86334,1
86335,1
86336,1
86337,0
86338,1
86339,0
86340,0
86341,0
86342,1
86343,0
86344,0
86345,1
86346,0
86347,0
86348,0
86349,1
86350,1
86351,0
86352,0
86353,0
86354,1
86355,1
86356,0
86357,1
86358,0
86359,0
86360,0
86361,0
86362,0
86363,0
86364,1
86365,0
86366,1
86367,0
86368,0
86369,1
86370,0
86371,0
86372,0
86373,0
86374,0
86375,0
86376,0
86377,0
86378,1
86379,1
86380,1
86381,1
86382,0
86383,1
86384,1
86385,0
86386,0
86387,1
86388,0
86389,0
86390,0
86391,0
86392,0
86393,1
86394,1
86395,1
86396,0
86397,1
86398,1
86399,0
86400,0
86401,0
86402,0
86403,0
86404,1
86405,0
86406,1
86407,1
86408,0
86409,0
86410,0
86411,0
86412,1
86413,0
86414,0
86415,0
86416,1
86417,0
86418,0
86419,0
86420,1
86421,1
86422,1
86423,0
86424,1
86425,0
86426,0
86427,1
86428,0
86429,0
86430,0
86431,0
86432,1
86433,1
86434,0
86435,1
86436,0
86437,0
86438,0
86439,0
86440,0
86441,0
86442,1
86443,0
86444,0
86445,0
86446,0
86447,1
86448,0
86449,0
86450,0
86451,0
86452,0
86453,1
86454,1
86455,1
86456,0
86457,1
86458,1
86459,1
86460,0
86461,0
86462,1
86463,0
86464,0
86465,1
86466,1
86467,1
86468,0
86469,1
86470,1
86471,1
86472,0
86473,1
86474,1
86475,0
86476,1
86477,0
86478,0
86479,1
86480,0
86481,0
86482,1
86483,0
86484,0
86485,0
86486,1
86487,1
86488,1
86489,0
86490,0
86491,0
86492,0
86493,1
86494,1
86495,1
86496,1
86497,0
86498,1
86499,0
86500,0
86501,0
86502,1
86503,0
86504,0
86505,0
86506,1
86507,1
86508,0
86509,0
86510,0
86511,0
86512,0
86513,1
86514,1
86515,0
86516,1
86517,1
86518,1
86519,0
86520,0
86521,0
86522,1
86523,1
86524,1
86525,0
86526,1
86527,1
86528,1
86529,0
86530,1
86531,1
86532,0
86533,0
86534,0
86535,0
86536,0
86537,1
86538,0
86539,1
86540,0
86541,0
86542,0
86543,1
86544,1
86545,1
86546,1
86547,0
86548,1
86549,0
86550,0
86551,1
86552,0
86553,1
86554,0
86555,0
86556,0
86557,1
86558,1
86559,1
86560,0
86561,1
86562,0
86563,0
86564,1
86565,0
86566,0
86567,0
86568,0
86569,0
86570,1
86571,0
86572,0
86573,1
86574,0
86575,0
86576,1
86577,0
86578,1
86579,1
86580,1
86581,0
86582,0
86583,0
86584,0
86585,1
86586,0
86587,0
86588,0
86589,1
86590,0
86591,0
86592,1
86593,1
86594,0
86595,1
86596,1
86597,1
86598,0
86599,1
86600,0
86601,1
86602,1
86603,0
86604,0
86605,0
86606,0
86607,0
86608,0
86609,0
86610,0
86611,1
86612,0
86613,0
86614,0
86615,0
86616,0
86617,0
86618,1
86619,1
86620,0
86621,1
86622,1
86623,0
86624,1
86625,0
86626,0
86627,0
86628,1
86629,1
86630,0
86631,0
86632,1
86633,1
86634,0
86635,1
86636,0
86637,0
86638,0
86639,1
86640,1
86641,0
86642,0
86643,0
86644,1
86645,1
86646,0
86647,0
86648,1
86649,0
86650,0
86651,0
86652,0
86653,0
86654,0
86655,1
86656,0
86657,1
86658,0
86659,1
86660,1
86661,0
86662,0
86663,0
86664,0
86665,1
86666,1
86667,0
86668,1
86669,1
86670,1
86671,0
86672,0
86673,0
86674,0
86675,0
86676,0
86677,0
86678,0
86679,1
86680,0
86681,0
86682,0
86683,0
86684,0
86685,0
86686,1
86687,1
86688,1
86689,1
86690,1
86691,1
86692,0
86693,1
86694,0
86695,0
86696,0
86697,0
86698,1
86699,0
86700,0
86701,1
86702,0
86703,0
86704,0
86705,1
86706,0
86707,0
86708,1
86709,0
86710,0
86711,0
86712,1
86713,0
86714,1
86715,1
86716,1
86717,1
86718,0
86719,1
86720,0
86721,1
86722,1
86723,0
86724,0
86725,0
86726,0
86727,1
86728,0
86729,1
86730,0
86731,0
86732,0
86733,1
86734,0
86735,0
86736,1
86737,0
86738,1
86739,1
86740,0
86741,0
86742,0
86743,1
86744,0
86745,1
86746,0
86747,0
86748,1
86749,0
86750,0
86751,0
86752,0
86753,0
86754,1
86755,1
86756,0
86757,0
86758,0
86759,1
86760,1
86761,1
86762,0
86763,1
86764,1
86765,0
86766,0
86767,1
86768,0
86769,0
86770,0
86771,0
86772,0
86773,0
86774,1
86775,0
86776,0
86777,0
86778,1
86779,0
86780,0
86781,0
86782,1
86783,0
86784,0
86785,0
86786,1
86787,0
86788,0
86789,1
86790,0
86791,0
86792,0
86793,0
86794,0
86795,0
86796,1
86797,0
86798,0
86799,0
86800,0
86801,0
86802,0
86803,0
86804,0
86805,0
86806,1
86807,0
86808,0
86809,0
86810,0
86811,0
86812,1
86813,0
86814,1
86815,0
86816,1
86817,0
86818,1
86819,1
86820,0
86821,0
86822,0
86823,0
86824,0
86825,1
86826,0
86827,1
86828,1
86829,1
86830,1
86831,0
86832,0
86833,0
86834,0
86835,0
86836,0
86837,0
86838,0
86839,0
86840,1
86841,0
86842,0
86843,0
86844,0
86845,0
86846,0
86847,1
86848,0
86849,0
86850,0
86851,1
86852,1
86853,0
86854,0
86855,0
86856,0
86857,0
86858,0
86859,1
86860,0
86861,0
86862,1
86863,0
86864,0
86865,0
86866,0
86867,1
86868,1
86869,0
86870,1
86871,1
86872,1
86873,1
86874,0
86875,0
86876,1
86877,0
86878,0
86879,0
86880,1
86881,1
86882,0
86883,0
86884,1
86885,0
86886,0
86887,0
86888,0
86889,1
86890,1
86891,1
86892,1
86893,0
86894,0
86895,1
86896,0
86897,0
86898,0
86899,0
86900,0
86901,0
86902,0
86903,0
86904,1
86905,1
86906,0
86907,0
86908,0
86909,1
86910,0
86911,1
86912,0
86913,0
86914,0
86915,0
86916,0
86917,0
86918,0
86919,0
86920,0
86921,0
86922,0
86923,0
86924,0
86925,0
86926,1
86927,0
86928,0
86929,0
86930,1
86931,1
86932,0
86933,0
86934,1
86935,0
86936,0
86937,1
86938,0
86939,0
86940,0
86941,0
86942,1
86943,0
86944,0
86945,0
86946,0
86947,1
86948,0
86949,1
86950,1
86951,1
86952,0
86953,0
86954,1
86955,0
86956,0
86957,0
86958,0
86959,1
86960,0
86961,0
86962,0
86963,0
86964,0
86965,1
86966,0
86967,0
86968,0
86969,0
86970,1
86971,0
86972,0
86973,1
86974,1
86975,0
86976,0
86977,0
86978,1
86979,1
86980,0
86981,1
86982,0
86983,1
86984,0
86985,0
86986,0
86987,1
86988,0
86989,0
86990,0
86991,0
86992,0
86993,1
86994,0
86995,0
86996,0
86997,0
86998,0
86999,0
87000,0
87001,1
87002,0
87003,0
87004,0
87005,0
87006,1
87007,0
87008,0
87009,0
87010,0
87011,0
87012,0
87013,1
87014,1
87015,0
87016,0
87017,0
87018,0
87019,0
87020,1
87021,1
87022,0
87023,1
87024,0
87025,0
87026,0
87027,1
87028,1
87029,0
87030,1
87031,1
87032,0
87033,0
87034,0
87035,1
87036,0
87037,0
87038,0
87039,1
87040,0
87041,1
87042,1
87043,0
87044,0
87045,0
87046,0
87047,0
87048,1
87049,1
87050,0
87051,0
87052,1
87053,0
87054,0
87055,1
87056,0
87057,0
87058,0
87059,0
87060,1
87061,1
87062,0
87063,0
87064,0
87065,1
87066,1
87067,0
87068,1
87069,1
87070,1
87071,1
87072,0
87073,1
87074,0
87075,0
87076,0
87077,1
87078,0
87079,1
87080,1
87081,1
87082,1
87083,1
87084,1
87085,0
87086,1
87087,0
87088,0
87089,0
87090,1
87091,0
87092,0
87093,0
87094,1
87095,1
87096,1
87097,1
87098,0
87099,0
87100,0
87101,1
87102,1
87103,0
87104,1
87105,0
87106,1
87107,0
87108,1
87109,0
87110,0
87111,1
87112,0
87113,0
87114,0
87115,1
87116,1
87117,1
87118,0
87119,0
87120,0
87121,0
87122,0
87123,1
87124,0
87125,0
87126,0
87127,1
87128,1
87129,1
87130,1
87131,1
87132,0
87133,0
87134,1
87135,1
87136,1
87137,0
87138,0
87139,0
87140,0
87141,0
87142,0
87143,0
87144,1
87145,1
87146,0
87147,0
87148,1
87149,1
87150,0
87151,0
87152,1
87153,0
87154,1
87155,1
87156,1
87157,0
87158,1
87159,0
87160,1
87161,0
87162,0
87163,0
87164,1
87165,0
87166,1
87167,0
87168,1
87169,0
87170,1
87171,1
87172,0
87173,0
87174,0
87175,1
87176,1
87177,1
87178,1
87179,0
87180,0
87181,0
87182,1
87183,1
87184,0
87185,0
87186,0
87187,0
87188,1
87189,0
87190,1
87191,0
87192,0
87193,0
87194,0
87195,0
87196,0
87197,0
87198,0
87199,0
87200,0
87201,1
87202,0
87203,1
87204,0
87205,1
87206,0
87207,0
87208,0
87209,1
87210,1
87211,1
87212,0
87213,0
87214,0
87215,0
87216,1
87217,0
87218,0
87219,0
87220,1
87221,1
87222,0
87223,0
87224,1
87225,0
87226,0
87227,0
87228,0
87229,0
87230,0
87231,0
87232,0
87233,0
87234,0
87235,1
87236,0
87237,0
87238,1
87239,1
87240,0
87241,1
87242,1
87243,0
87244,0
87245,0
87246,0
87247,0
87248,0
87249,0
87250,0
87251,0
87252,0
87253,1
87254,0
87255,0
87256,1
87257,1
87258,0
87259,0
87260,0
87261,0
87262,0
87263,0
87264,0
87265,1
87266,1
87267,0
87268,1
87269,1
87270,0
87271,0
87272,0
87273,0
87274,0
87275,1
87276,0
87277,1
87278,0
87279,1
87280,0
87281,0
87282,1
87283,0
87284,1
87285,0
87286,1
87287,0
87288,0
87289,1
87290,0
87291,1
87292,0
87293,1
87294,1
87295,0
87296,0
87297,0
87298,1
87299,0
87300,0
87301,0
87302,0
87303,0
87304,0
87305,0
87306,1
87307,1
87308,1
87309,0
87310,0
87311,1
87312,0
87313,0
87314,0
87315,0
87316,0
87317,1
87318,0
87319,0
87320,1
87321,0
87322,0
87323,1
87324,0
87325,1
87326,0
87327,0
87328,1
87329,0
87330,0
87331,0
87332,0
87333,0
87334,0
87335,0
87336,1
87337,0
87338,0
87339,1
87340,0
87341,1
87342,1
87343,1
87344,0
87345,0
87346,1
87347,0
87348,1
87349,0
87350,1
87351,1
87352,1
87353,1
87354,0
87355,1
87356,1
87357,1
87358,0
87359,0
87360,1
87361,0
87362,0
87363,0
87364,0
87365,1
87366,0
87367,0
87368,0
87369,0
87370,1
87371,0
87372,1
87373,1
87374,0
87375,1
87376,1
87377,0
87378,1
87379,0
87380,0
87381,0
87382,1
87383,1
87384,1
87385,0
87386,0
87387,0
87388,1
87389,0
87390,1
87391,1
87392,0
87393,0
87394,1
87395,0
87396,0
87397,0
87398,0
87399,1
87400,1
87401,1
87402,0
87403,0
87404,1
87405,0
87406,1
87407,0
87408,0
87409,1
87410,1
87411,0
87412,0
87413,0
87414,0
87415,0
87416,0
87417,0
87418,0
87419,1
87420,0
87421,1
87422,1
87423,0
87424,0
87425,1
87426,0
87427,1
87428,1
87429,0
87430,0
87431,1
87432,0
87433,1
87434,1
87435,0
87436,1
87437,0
87438,1
87439,0
87440,1
87441,0
87442,0
87443,0
87444,1
87445,0
87446,1
87447,1
87448,0
87449,1
87450,0
87451,0
87452,0
87453,0
87454,1
87455,1
87456,0
87457,0
87458,0
87459,0
87460,1
87461,1
87462,1
87463,0
87464,0
87465,1
87466,0
87467,1
87468,1
87469,1
87470,0
87471,0
87472,1
87473,0
87474,0
87475,0
87476,0
87477,0
87478,0
87479,1
87480,0
87481,1
87482,0
87483,0
87484,0
87485,1
87486,1
87487,0
87488,0
87489,1
87490,0
87491,0
87492,0
87493,1
87494,0
87495,0
87496,0
87497,1
87498,1
87499,1
87500,0
87501,0
87502,0
87503,0
87504,0
87505,0
87506,0
87507,0
87508,1
87509,0
87510,0
87511,1
87512,0
87513,0
87514,1
87515,1
87516,0
87517,0
87518,1
87519,1
87520,0
87521,0
87522,1
87523,0
87524,0
87525,0
87526,1
87527,0
87528,1
87529,1
87530,0
87531,1
87532,1
87533,1
87534,1
87535,0
87536,0
87537,0
87538,0
87539,0
87540,0
87541,0
87542,0
87543,0
87544,1
87545,1
87546,0
87547,0
87548,1
87549,0
87550,1
87551,0
87552,1
87553,0
87554,1
87555,0
87556,1
87557,1
87558,0
87559,0
87560,0
87561,1
87562,1
87563,1
87564,0
87565,1
87566,0
87567,1
87568,0
87569,0
87570,1
87571,1
87572,1
87573,1
87574,0
87575,0
87576,0
87577,1
87578,0
87579,0
87580,0
87581,0
87582,1
87583,1
87584,1
87585,1
87586,1
87587,0
87588,0
87589,1
87590,0
87591,1
87592,0
87593,1
87594,0
87595,1
87596,1
87597,1
87598,0
87599,0
87600,0
87601,0
87602,1
87603,0
87604,0
87605,1
87606,0
87607,1
87608,0
87609,0
87610,0
87611,1
87612,0
87613,1
87614,0
87615,0
87616,1
87617,0
87618,1
87619,0
87620,0
87621,0
87622,0
87623,0
87624,0
87625,1
87626,1
87627,0
87628,0
87629,0
87630,0
87631,1
87632,0
87633,0
87634,0
87635,1
87636,1
87637,1
87638,1
87639,1
87640,1
87641,1
87642,0
87643,1
87644,1
87645,1
87646,1
87647,1
87648,0
87649,0
87650,0
87651,0
87652,0
87653,0
87654,1
87655,0
87656,0
87657,1
87658,0
87659,0
87660,1
87661,0
87662,1
87663,0
87664,0
87665,0
87666,0
87667,0
87668,0
87669,1
87670,1
87671,0
87672,0
87673,0
87674,0
87675,1
87676,0
87677,0
87678,0
87679,0
87680,1
87681,1
87682,0
87683,0
87684,0
87685,1
87686,0
87687,1
87688,1
87689,0
87690,0
87691,1
87692,1
87693,1
87694,0
87695,0
87696,1
87697,0
87698,1
87699,1
87700,0
87701,0
87702,0
87703,1
87704,0
87705,1
87706,1
87707,0
87708,0
87709,0
87710,0
87711,0
87712,0
87713,0
87714,0
87715,0
87716,1
87717,0
87718,1
87719,0
87720,0
87721,1
87722,0
87723,1
87724,0
87725,1
87726,0
87727,1
87728,0
87729,0
87730,0
87731,0
87732,0
87733,1
87734,0
87735,0
87736,0
87737,0
87738,0
87739,0
87740,1
87741,0
87742,0
87743,0
87744,0
87745,0
87746,0
87747,0
87748,0
87749,1
87750,0
87751,0
87752,0
87753,0
87754,0
87755,0
87756,0
87757,0
87758,0
87759,0
87760,1
87761,0
87762,1
87763,1
87764,0
87765,1
87766,1
87767,0
87768,0
87769,1
87770,0
87771,1
87772,1
87773,0
87774,1
87775,0
87776,1
87777,0
87778,0
87779,0
87780,0
87781,0
87782,0
87783,0
87784,0
87785,1
87786,0
87787,0
87788,1
87789,0
87790,0
87791,1
87792,0
87793,1
87794,0
87795,0
87796,1
87797,1
87798,0
87799,1
87800,1
87801,0
87802,1
87803,1
87804,0
87805,0
87806,0
87807,0
87808,0
87809,0
87810,0
87811,1
87812,0
87813,0
87814,1
87815,0
87816,0
87817,1
87818,1
87819,0
87820,1
87821,1
87822,0
87823,0
87824,0
87825,0
87826,0
87827,1
87828,0
87829,0
87830,0
87831,0
87832,1
87833,0
87834,1
87835,0
87836,0
87837,1
87838,1
87839,0
87840,0
87841,0
87842,0
87843,1
87844,1
87845,0
87846,0
87847,1
87848,1
87849,0
87850,0
87851,1
87852,1
87853,0
87854,1
87855,0
87856,0
87857,0
87858,0
87859,0
87860,1
87861,1
87862,1
87863,1
87864,0
87865,0
87866,0
87867,1
87868,0
87869,1
87870,0
87871,0
87872,0
87873,1
87874,1
87875,1
87876,1
87877,1
87878,0
87879,1
87880,0
87881,1
87882,0
87883,1
87884,1
87885,1
87886,0
87887,1
87888,0
87889,0
87890,0
87891,1
87892,1
87893,1
87894,1
87895,1
87896,1
87897,0
87898,0
87899,1
87900,0
87901,0
87902,1
87903,0
87904,1
87905,1
87906,0
87907,1
87908,1
87909,0
87910,0
87911,0
87912,1
87913,0
87914,1
87915,1
87916,0
87917,0
87918,1
87919,0
87920,0
87921,1
87922,1
87923,1
87924,0
87925,1
87926,0
87927,0
87928,1
87929,0
87930,1
87931,1
87932,0
87933,1
87934,0
87935,0
87936,0
87937,1
87938,1
87939,0
87940,1
87941,0
87942,0
87943,1
87944,1
87945,0
87946,1
87947,1
87948,1
87949,0
87950,0
87951,0
87952,1
87953,0
87954,0
87955,1
87956,0
87957,0
87958,1
87959,1
87960,0
87961,1
87962,0
87963,0
87964,0
87965,0
87966,1
87967,0
87968,1
87969,1
87970,0
87971,0
87972,0
87973,0
87974,0
87975,0
87976,1
87977,0
87978,0
87979,0
87980,0
87981,0
87982,0
87983,0
87984,0
87985,1
87986,0
87987,1
87988,0
87989,1
87990,0
87991,0
87992,0
87993,1
87994,0
87995,0
87996,1
87997,0
87998,0
87999,1
88000,0
88001,1
88002,1
88003,0
88004,0
88005,0
88006,0
88007,1
88008,1
88009,1
88010,1
88011,1
88012,1
88013,0
88014,1
88015,1
88016,0
88017,0
88018,0
88019,1
88020,1
88021,0
88022,1
88023,1
88024,1
88025,0
88026,1
88027,1
88028,0
88029,1
88030,0
88031,1
88032,0
88033,1
88034,0
88035,0
88036,0
88037,0
88038,1
88039,1
88040,1
88041,1
88042,0
88043,1
88044,1
88045,0
88046,1
88047,1
88048,1
88049,0
88050,0
88051,1
88052,0
88053,0
88054,0
88055,0
88056,0
88057,0
88058,1
88059,1
88060,0
88061,1
88062,1
88063,0
88064,1
88065,0
88066,1
88067,0
88068,0
88069,1
88070,0
88071,1
88072,0
88073,0
88074,0
88075,0
88076,0
88077,1
88078,0
88079,1
88080,1
88081,1
88082,0
88083,1
88084,0
88085,1
88086,0
88087,1
88088,1
88089,0
88090,1
88091,0
88092,0
88093,0
88094,1
88095,1
88096,1
88097,0
88098,0
88099,0
88100,0
88101,1
88102,0
88103,0
88104,1
88105,1
88106,0
88107,0
88108,0
88109,0
88110,0
88111,0
88112,0
88113,0
88114,0
88115,0
88116,0
88117,0
88118,0
88119,0
88120,0
88121,0
88122,0
88123,1
88124,0
88125,1
88126,1
88127,1
88128,1
88129,1
88130,0
88131,1
88132,1
88133,0
88134,0
88135,0
88136,0
88137,1
88138,1
88139,1
88140,1
88141,1
88142,0
88143,0
88144,0
88145,1
88146,0
88147,1
88148,1
88149,0
88150,1
88151,0
88152,0
88153,0
88154,0
88155,0
88156,0
88157,0
88158,0
88159,0
88160,0
88161,1
88162,0
88163,0
88164,0
88165,0
88166,0
88167,0
88168,1
88169,1
88170,0
88171,1
88172,0
88173,1
88174,0
88175,0
88176,0
88177,0
88178,1
88179,1
88180,0
88181,0
88182,0
88183,1
88184,0
88185,1
88186,0
88187,0
88188,1
88189,1
88190,0
88191,1
88192,0
88193,0
88194,0
88195,1
88196,0
88197,1
88198,1
88199,0
88200,0
88201,1
88202,0
88203,0
88204,0
88205,0
88206,0
88207,0
88208,0
88209,0
88210,1
88211,0
88212,1
88213,0
88214,1
88215,1
88216,1
88217,0
88218,0
88219,0
88220,1
88221,1
88222,1
88223,0
88224,1
88225,0
88226,0
88227,1
88228,1
88229,0
88230,0
88231,0
88232,1
88233,0
88234,0
88235,0
88236,0
88237,0
88238,0
88239,1
88240,0
88241,0
88242,1
88243,1
88244,0
88245,0
88246,0
88247,1
88248,0
88249,0
88250,0
88251,0
88252,1
88253,0
88254,0
88255,0
88256,0
88257,0
88258,1
88259,0
88260,0
88261,0
88262,0
88263,1
88264,1
88265,1
88266,0
88267,1
88268,1
88269,0
88270,0
88271,0
88272,0
88273,0
88274,0
88275,1
88276,1
88277,1
88278,1
88279,0
88280,0
88281,1
88282,0
88283,0
88284,0
88285,0
88286,1
88287,0
88288,0
88289,1
88290,0
88291,0
88292,0
88293,1
88294,1
88295,0
88296,0
88297,0
88298,0
88299,0
88300,0
88301,0
88302,1
88303,0
88304,0
88305,0
88306,0
88307,1
88308,1
88309,0
88310,0
88311,0
88312,1
88313,0
88314,0
88315,1
88316,0
88317,0
88318,0
88319,0
88320,1
88321,0
88322,0
88323,1
88324,1
88325,0
88326,1
88327,0
88328,1
88329,1
88330,1
88331,0
88332,0
88333,1
88334,1
88335,1
88336,0
88337,0
88338,1
88339,0
88340,0
88341,1
88342,0
88343,0
88344,1
88345,1
88346,0
88347,0
88348,1
88349,1
88350,0
88351,1
88352,0
88353,1
88354,0
88355,0
88356,0
88357,0
88358,0
88359,1
88360,0
88361,0
88362,0
88363,0
88364,0
88365,1
88366,0
88367,0
88368,0
88369,1
88370,1
88371,0
88372,0
88373,1
88374,1
88375,0
88376,0
88377,1
88378,1
88379,1
88380,1
88381,0
88382,1
88383,1
88384,1
88385,1
88386,0
88387,0
88388,1
88389,1
88390,0
88391,1
88392,0
88393,0
88394,1
88395,0
88396,1
88397,0
88398,1
88399,0
88400,0
88401,1
88402,0
88403,1
88404,0
88405,1
88406,1
88407,1
88408,1
88409,0
88410,0
88411,1
88412,0
88413,0
88414,0
88415,1
88416,0
88417,0
88418,1
88419,0
88420,0
88421,1
88422,0
88423,0
88424,0
88425,1
88426,0
88427,0
88428,1
88429,0
88430,0
88431,0
88432,0
88433,0
88434,1
88435,0
88436,0
88437,0
88438,1
88439,0
88440,0
88441,1
88442,0
88443,1
88444,0
88445,0
88446,0
88447,0
88448,1
88449,0
88450,0
88451,1
88452,1
88453,0
88454,0
88455,0
88456,0
88457,0
88458,1
88459,0
88460,0
88461,1
88462,0
88463,0
88464,1
88465,0
88466,0
88467,0
88468,1
88469,0
88470,0
88471,1
88472,1
88473,0
88474,1
88475,0
88476,0
88477,0
88478,0
88479,1
88480,1
88481,1
88482,0
88483,0
88484,0
88485,0
88486,0
88487,1
88488,0
88489,0
88490,0
88491,0
88492,0
88493,1
88494,0
88495,1
88496,0
88497,0
88498,0
88499,1
88500,1
88501,0
88502,1
88503,1
88504,0
88505,1
88506,1
88507,0
88508,0
88509,0
88510,1
88511,1
88512,0
88513,0
88514,0
88515,0
88516,0
88517,1
88518,0
88519,0
88520,0
88521,1
88522,0
88523,1
88524,1
88525,1
88526,1
88527,1
88528,1
88529,0
88530,0
88531,1
88532,1
88533,1
88534,1
88535,0
88536,1
88537,0
88538,0
88539,0
88540,0
88541,1
88542,1
88543,1
88544,1
88545,0
88546,0
88547,0
88548,1
88549,1
88550,0
88551,0
88552,1
88553,1
88554,1
88555,1
88556,1
88557,0
88558,0
88559,0
88560,0
88561,1
88562,0
88563,0
88564,1
88565,0
88566,1
88567,0
88568,0
88569,1
88570,1
88571,1
88572,1
88573,1
88574,0
88575,1
88576,0
88577,0
88578,1
88579,1
88580,0
88581,0
88582,0
88583,0
88584,0
88585,0
88586,0
88587,1
88588,0
88589,0
88590,0
88591,0
88592,0
88593,0
88594,0
88595,0
88596,0
88597,0
88598,0
88599,0
88600,0
88601,0
88602,0
88603,0
88604,0
88605,1
88606,0
88607,0
88608,0
88609,1
88610,0
88611,0
88612,1
88613,1
88614,0
88615,1
88616,1
88617,0
88618,0
88619,0
88620,1
88621,1
88622,0
88623,1
88624,1
88625,0
88626,1
88627,1
88628,1
88629,0
88630,1
88631,0
88632,0
88633,0
88634,0
88635,0
88636,1
88637,0
88638,1
88639,1
88640,1
88641,0
88642,0
88643,1
88644,0
88645,0
88646,0
88647,1
88648,0
88649,1
88650,1
88651,1
88652,1
88653,0
88654,1
88655,0
88656,0
88657,0
88658,0
88659,1
88660,1
88661,1
88662,0
88663,0
88664,1
88665,0
88666,1
88667,0
88668,1
88669,1
88670,0
88671,1
88672,0
88673,0
88674,0
88675,1
88676,0
88677,0
88678,1
88679,0
88680,1
88681,0
88682,0
88683,0
88684,0
88685,1
88686,0
88687,0
88688,0
88689,0
88690,0
88691,0
88692,1
88693,0
88694,0
88695,1
88696,1
88697,1
88698,0
88699,0
88700,0
88701,1
88702,1
88703,1
88704,0
88705,1
88706,0
88707,0
88708,0
88709,0
88710,0
88711,0
88712,1
88713,0
88714,0
88715,0
88716,0
88717,0
88718,1
88719,0
88720,1
88721,0
88722,0
88723,1
88724,0
88725,1
88726,0
88727,1
88728,1
88729,1
88730,0
88731,0
88732,0
88733,0
88734,0
88735,0
88736,0
88737,0
88738,1
88739,0
88740,1
88741,0
88742,0
88743,0
88744,0
88745,1
88746,1
88747,0
88748,1
88749,1
88750,1
88751,0
88752,1
88753,1
88754,0
88755,0
88756,1
88757,0
88758,0
88759,0
88760,1
88761,1
88762,1
88763,0
88764,0
88765,1
88766,0
88767,0
88768,1
88769,0
88770,1
88771,0
88772,0
88773,1
88774,1
88775,1
88776,1
88777,1
88778,0
88779,1
88780,1
88781,0
88782,0
88783,1
88784,1
88785,1
88786,0
88787,1
88788,1
88789,0
88790,0
88791,1
88792,0
88793,0
88794,1
88795,0
88796,1
88797,0
88798,0
88799,0
88800,0
88801,0
88802,0
88803,0
88804,0
88805,0
88806,1
88807,1
88808,0
88809,0
88810,1
88811,0
88812,0
88813,0
88814,1
88815,0
88816,0
88817,0
88818,1
88819,1
88820,0
88821,0
88822,0
88823,0
88824,0
88825,1
88826,0
88827,0
88828,0
88829,0
88830,1
88831,0
88832,0
88833,0
88834,0
88835,0
88836,0
88837,1
88838,1
88839,1
88840,1
88841,0
88842,0
88843,1
88844,0
88845,0
88846,0
88847,1
88848,1
88849,0
88850,0
88851,0
88852,1
88853,0
88854,0
88855,1
88856,1
88857,0
88858,1
88859,1
88860,1
88861,1
88862,1
88863,0
88864,0
88865,0
88866,0
88867,0
88868,0
88869,0
88870,0
88871,0
88872,0
88873,1
88874,1
88875,1
88876,1
88877,1
88878,0
88879,0
88880,1
88881,1
88882,0
88883,0
88884,1
88885,0
88886,0
88887,0
88888,0
88889,1
88890,1
88891,1
88892,0
88893,0
88894,0
88895,0
88896,1
88897,1
88898,0
88899,0
88900,0
88901,0
88902,0
88903,1
88904,0
88905,0
88906,1
88907,0
88908,0
88909,0
88910,0
88911,1
88912,1
88913,1
88914,1
88915,0
88916,0
88917,0
88918,0
88919,0
88920,0
88921,0
88922,1
88923,0
88924,0
88925,1
88926,0
88927,0
88928,1
88929,1
88930,0
88931,0
88932,1
88933,1
88934,0
88935,1
88936,0
88937,0
88938,1
88939,1
88940,0
88941,1
88942,0
88943,1
88944,0
88945,1
88946,0
88947,1
88948,0
88949,0
88950,0
88951,0
88952,0
88953,0
88954,0
88955,0
88956,0
88957,1
88958,0
88959,0
88960,0
88961,0
88962,0
88963,0
88964,0
88965,0
88966,0
88967,0
88968,0
88969,0
88970,1
88971,0
88972,0
88973,0
88974,0
88975,0
88976,0
88977,1
88978,0
88979,0
88980,1
88981,0
88982,0
88983,1
88984,0
88985,0
88986,1
88987,1
88988,0
88989,1
88990,0
88991,0
88992,0
88993,0
88994,0
88995,0
88996,0
88997,0
88998,0
88999,0
89000,0
89001,0
89002,1
89003,0
89004,0
89005,0
89006,0
89007,1
89008,1
89009,0
89010,1
89011,0
89012,0
89013,0
89014,1
89015,0
89016,0
89017,0
89018,0
89019,0
89020,0
89021,1
89022,0
89023,0
89024,1
89025,0
89026,0
89027,0
89028,0
89029,0
89030,0
89031,1
89032,1
89033,0
89034,1
89035,0
89036,0
89037,0
89038,1
89039,0
89040,0
89041,1
89042,1
89043,0
89044,1
89045,1
89046,0
89047,0
89048,1
89049,0
89050,0
89051,0
89052,0
89053,0
89054,1
89055,0
89056,0
89057,0
89058,0
89059,0
89060,1
89061,1
89062,0
89063,0
89064,1
89065,1
89066,0
89067,0
89068,0
89069,0
89070,0
89071,0
89072,1
89073,0
89074,1
89075,1
89076,1
89077,1
89078,0
89079,1
89080,0
89081,0
89082,0
89083,0
89084,0
89085,0
89086,0
89087,0
89088,1
89089,0
89090,0
89091,1
89092,0
89093,0
89094,1
89095,1
89096,1
89097,1
89098,0
89099,0
89100,0
89101,0
89102,0
89103,0
89104,0
89105,1
89106,1
89107,1
89108,1
89109,0
89110,0
89111,1
89112,1
89113,0
89114,1
89115,0
89116,0
89117,0
89118,1
89119,0
89120,0
89121,1
89122,0
89123,1
89124,1
89125,1
89126,1
89127,0
89128,1
89129,0
89130,0
89131,1
89132,0
89133,1
89134,1
89135,1
89136,0
89137,0
89138,0
89139,0
89140,0
89141,0
89142,1
89143,0
89144,0
89145,0
89146,1
89147,1
89148,0
89149,0
89150,1
89151,0
89152,1
89153,0
89154,0
89155,0
89156,1
89157,0
89158,1
89159,1
89160,0
89161,0
89162,1
89163,0
89164,0
89165,1
89166,0
89167,0
89168,0
89169,0
89170,1
89171,0
89172,0
89173,0
89174,0
89175,0
89176,0
89177,0
89178,0
89179,0
89180,1
89181,1
89182,0
89183,0
89184,1
89185,0
89186,0
89187,0
89188,0
89189,0
89190,0
89191,1
89192,0
89193,0
89194,0
89195,0
89196,1
89197,0
89198,1
89199,0
89200,0
89201,1
89202,1
89203,0
89204,1
89205,0
89206,1
89207,0
89208,1
89209,1
89210,0
89211,0
89212,0
89213,0
89214,1
89215,1
89216,1
89217,1
89218,0
89219,1
89220,0
89221,1
89222,0
89223,1
89224,0
89225,0
89226,0
89227,0
89228,1
89229,0
89230,0
89231,1
89232,1
89233,0
89234,0
89235,1
89236,0
89237,1
89238,0
89239,0
89240,1
89241,1
89242,1
89243,0
89244,1
89245,1
89246,0
89247,0
89248,0
89249,0
89250,0
89251,0
89252,1
89253,0
89254,0
89255,1
89256,1
89257,0
89258,0
89259,0
89260,0
89261,1
89262,1
89263,0
89264,0
89265,1
89266,0
89267,0
89268,1
89269,1
89270,0
89271,1
89272,0
89273,0
89274,0
89275,0
89276,1
89277,0
89278,1
89279,1
89280,0
89281,0
89282,0
89283,0
89284,0
89285,0
89286,1
89287,0
89288,0
89289,0
89290,0
89291,0
89292,0
89293,0
89294,0
89295,0
89296,1
89297,1
89298,0
89299,1
89300,1
89301,1
89302,1
89303,1
89304,0
89305,1
89306,1
89307,1
89308,0
89309,1
89310,0
89311,1
89312,1
89313,0
89314,0
89315,0
89316,0
89317,0
89318,0
89319,0
89320,0
89321,0
89322,1
89323,0
89324,0
89325,0
89326,0
89327,0
89328,1
89329,1
89330,0
89331,1
89332,0
89333,0
89334,1
89335,0
89336,1
89337,0
89338,0
89339,1
89340,1
89341,0
89342,0
89343,1
89344,1
89345,1
89346,0
89347,1
89348,0
89349,1
89350,0
89351,0
89352,0
89353,0
89354,1
89355,0
89356,1
89357,0
89358,0
89359,0
89360,0
89361,0
89362,0
89363,0
89364,0
89365,0
89366,0
89367,0
89368,1
89369,0
89370,0
89371,0
89372,1
89373,1
89374,0
89375,0
89376,0
89377,0
89378,1
89379,0
89380,0
89381,0
89382,1
89383,1
89384,1
89385,1
89386,0
89387,0
89388,0
89389,1
89390,1
89391,1
89392,1
89393,0
89394,0
89395,0
89396,1
89397,1
89398,0
89399,0
89400,0
89401,0
89402,1
89403,0
89404,0
89405,0
89406,1
89407,1
89408,0
89409,1
89410,0
89411,0
89412,0
89413,1
89414,1
89415,1
89416,0
89417,0
89418,1
89419,0
89420,1
89421,1
89422,0
89423,0
89424,0
89425,1
89426,0
89427,0
89428,1
89429,0
89430,0
89431,0
89432,0
89433,1
89434,1
89435,1
89436,0
89437,0
89438,1
89439,1
89440,0
89441,0
89442,0
89443,0
89444,1
89445,0
89446,0
89447,1
89448,0
89449,1
89450,0
89451,0
89452,1
89453,1
89454,1
89455,0
89456,1
89457,1
89458,1
89459,0
89460,1
89461,0
89462,0
89463,1
89464,1
89465,0
89466,0
89467,0
89468,0
89469,1
89470,0
89471,0
89472,1
89473,1
89474,0
89475,0
89476,0
89477,0
89478,0
89479,0
89480,0
89481,1
89482,0
89483,0
89484,1
89485,1
89486,1
89487,0
89488,0
89489,0
89490,0
89491,1
89492,0
89493,0
89494,0
89495,0
89496,1
89497,0
89498,1
89499,0
89500,0
89501,1
89502,1
89503,1
89504,1
89505,0
89506,0
89507,1
89508,0
89509,0
89510,0
89511,0
89512,1
89513,1
89514,1
89515,0
89516,0
89517,1
89518,1
89519,1
89520,0
89521,0
89522,1
89523,0
89524,0
89525,0
89526,0
89527,0
89528,1
89529,1
89530,1
89531,0
89532,0
89533,0
89534,0
89535,0
89536,0
89537,0
89538,1
89539,1
89540,1
89541,0
89542,1
89543,0
89544,1
89545,0
89546,0
89547,0
89548,0
89549,1
89550,0
89551,0
89552,0
89553,0
89554,1
89555,0
89556,0
89557,0
89558,0
89559,0
89560,1
89561,0
89562,1
89563,0
89564,1
89565,0
89566,1
89567,1
89568,1
89569,0
89570,0
89571,0
89572,1
89573,0
89574,0
89575,0
89576,0
89577,0
89578,1
89579,0
89580,1
89581,1
89582,0
89583,1
89584,0
89585,0
89586,0
89587,1
89588,1
89589,1
89590,0
89591,0
89592,0
89593,0
89594,1
89595,0
89596,0
89597,1
89598,0
89599,0
89600,0
89601,0
89602,0
89603,1
89604,0
89605,1
89606,0
89607,1
89608,0
89609,1
89610,0
89611,0
89612,1
89613,0
89614,1
89615,0
89616,1
89617,1
89618,0
89619,0
89620,1
89621,0
89622,0
89623,0
89624,0
89625,0
89626,0
89627,0
89628,0
89629,0
89630,1
89631,0
89632,0
89633,1
89634,1
89635,0
89636,0
89637,0
89638,1
89639,1
89640,0
89641,0
89642,1
89643,1
89644,0
89645,0
89646,0
89647,0
89648,0
89649,0
89650,0
89651,1
89652,1
89653,0
89654,0
89655,1
89656,1
89657,0
89658,0
89659,0
89660,0
89661,0
89662,0
89663,1
89664,0
89665,1
89666,0
89667,0
89668,0
89669,0
89670,0
89671,1
89672,1
89673,0
89674,1
89675,0
89676,1
89677,1
89678,0
89679,1
89680,0
89681,0
89682,0
89683,0
89684,1
89685,1
89686,1
89687,0
89688,0
89689,0
89690,0
89691,0
89692,0
89693,0
89694,0
89695,0
89696,0
89697,1
89698,1
89699,0
89700,0
89701,0
89702,0
89703,1
89704,0
89705,0
89706,1
89707,0
89708,0
89709,0
89710,0
89711,0
89712,1
89713,1
89714,1
89715,0
89716,1
89717,0
89718,1
89719,1
89720,0
89721,0
89722,1
89723,0
89724,0
89725,0
89726,0
89727,1
89728,0
89729,0
89730,1
89731,0
89732,0
89733,0
89734,0
89735,0
89736,1
89737,0
89738,1
89739,0
89740,0
89741,0
89742,0
89743,0
89744,0
89745,1
89746,0
89747,0
89748,0
89749,0
89750,1
89751,0
89752,1
89753,0
89754,0
89755,0
89756,0
89757,0
89758,1
89759,0
89760,0
89761,0
89762,1
89763,1
89764,1
89765,0
89766,0
89767,0
89768,1
89769,1
89770,1
89771,1
89772,0
89773,0
89774,1
89775,1
89776,0
89777,0
89778,0
89779,0
89780,1
89781,0
89782,0
89783,0
89784,1
89785,0
89786,1
89787,0
89788,0
89789,0
89790,0
89791,1
89792,1
89793,0
89794,0
89795,0
89796,0
89797,0
89798,1
89799,0
89800,0
89801,0
89802,1
89803,0
89804,1
89805,1
89806,0
89807,0
89808,0
89809,1
89810,1
89811,0
89812,0
89813,0
89814,0
89815,0
89816,1
89817,0
89818,1
89819,0
89820,0
89821,1
89822,0
89823,1
89824,1
89825,1
89826,1
89827,1
89828,0
89829,0
89830,1
89831,1
89832,1
89833,0
89834,0
89835,1
89836,0
89837,0
89838,0
89839,0
89840,0
89841,0
89842,1
89843,1
89844,0
89845,1
89846,0
89847,0
89848,0
89849,1
89850,1
89851,0
89852,1
89853,0
89854,0
89855,1
89856,0
89857,1
89858,0
89859,0
89860,0
89861,1
89862,1
89863,0
89864,0
89865,0
89866,1
89867,1
89868,0
89869,1
89870,0
89871,1
89872,0
89873,0
89874,0
89875,0
89876,0
89877,0
89878,0
89879,0
89880,0
89881,0
89882,0
89883,0
89884,0
89885,1
89886,0
89887,0
89888,0
89889,0
89890,0
89891,0
89892,1
89893,0
89894,1
89895,1
89896,0
89897,0
89898,0
89899,0
89900,0
89901,0
89902,0
89903,0
89904,0
89905,0
89906,1
89907,0
89908,0
89909,0
89910,0
89911,0
89912,1
89913,0
89914,0
89915,0
89916,0
89917,1
89918,0
89919,0
89920,0
89921,0
89922,1
89923,0
89924,1
89925,0
89926,0
89927,1
89928,1
89929,1
89930,0
89931,1
89932,1
89933,0
89934,0
89935,0
89936,0
89937,0
89938,0
89939,0
89940,0
89941,0
89942,1
89943,1
89944,0
89945,0
89946,1
89947,0
89948,0
89949,0
89950,0
89951,0
89952,1
89953,0
89954,0
89955,1
89956,1
89957,0
89958,0
89959,0
89960,1
89961,1
89962,1
89963,0
89964,0
89965,0
89966,0
89967,1
89968,1
89969,1
89970,1
89971,0
89972,0
89973,1
89974,1
89975,1
89976,0
89977,0
89978,0
89979,0
89980,0
89981,1
89982,0
89983,1
89984,0
89985,0
89986,1
89987,1
89988,1
89989,0
89990,0
89991,1
89992,1
89993,1
89994,0
89995,1
89996,0
89997,1
89998,0
89999,0
90000,0
90001,0
90002,0
90003,0
90004,1
90005,1
90006,0
90007,0
90008,1
90009,0
90010,0
90011,1
90012,1
90013,1
90014,0
90015,1
90016,0
90017,1
90018,1
90019,0
90020,0
90021,1
90022,1
90023,1
90024,0
90025,0
90026,0
90027,0
90028,0
90029,0
90030,0
90031,0
90032,0
90033,0
90034,0
90035,0
90036,1
90037,1
90038,0
90039,0
90040,1
90041,0
90042,0
90043,0
90044,1
90045,0
90046,1
90047,0
90048,0
90049,1
90050,0
90051,0
90052,1
90053,0
90054,0
90055,1
90056,0
90057,0
90058,0
90059,0
90060,1
90061,0
90062,1
90063,0
90064,0
90065,0
90066,0
90067,1
90068,0
90069,0
90070,0
90071,1
90072,0
90073,0
90074,0
90075,1
90076,1
90077,0
90078,1
90079,1
90080,0
90081,0
90082,1
90083,0
90084,0
90085,0
90086,0
90087,0
90088,0
90089,0
90090,0
90091,1
90092,0
90093,0
90094,1
90095,0
90096,0
90097,0
90098,0
90099,1
90100,1
90101,1
90102,1
90103,0
90104,0
90105,0
90106,0
90107,1
90108,0
90109,1
90110,1
90111,0
90112,0
90113,0
90114,0
90115,0
90116,1
90117,0
90118,0
90119,1
90120,1
90121,1
90122,1
90123,0
90124,0
90125,1
90126,0
90127,0
90128,1
90129,0
90130,1
90131,1
90132,0
90133,1
90134,0
90135,0
90136,0
90137,1
90138,0
90139,0
90140,0
90141,0
90142,1
90143,0
90144,0
90145,1
90146,0
90147,0
90148,0
90149,0
90150,1
90151,0
90152,0
90153,1
90154,0
90155,0
90156,1
90157,1
90158,0
90159,0
90160,0
90161,0
90162,1
90163,0
90164,1
90165,1
90166,0
90167,0
90168,1
90169,1
90170,0
90171,0
90172,0
90173,0
90174,1
90175,0
90176,0
90177,0
90178,0
90179,0
90180,1
90181,0
90182,1
90183,0
90184,0
90185,1
90186,0
90187,1
90188,0
90189,1
90190,1
90191,0
90192,1
90193,0
90194,0
90195,1
90196,0
90197,1
90198,0
90199,0
90200,0
90201,0
90202,0
90203,0
90204,1
90205,0
90206,0
90207,0
90208,0
90209,1
90210,0
90211,0
90212,1
90213,0
90214,0
90215,0
90216,0
90217,0
90218,1
90219,0
90220,1
90221,0
90222,0
90223,1
90224,0
90225,0
90226,0
90227,0
90228,1
90229,0
90230,1
90231,1
90232,0
90233,1
90234,1
90235,0
90236,0
90237,1
90238,1
90239,1
90240,0
90241,0
90242,1
90243,0
90244,1
90245,1
90246,0
90247,0
90248,0
90249,0
90250,1
90251,0
90252,0
90253,0
90254,0
90255,0
90256,0
90257,0
90258,1
90259,1
90260,0
90261,1
90262,0
90263,1
90264,1
90265,0
90266,0
90267,0
90268,1
90269,0
90270,0
90271,0
90272,0
90273,0
90274,1
90275,1
90276,0
90277,1
90278,0
90279,1
90280,0
90281,1
90282,0
90283,0
90284,0
90285,0
90286,0
90287,0
90288,0
90289,0
90290,0
90291,1
90292,0
90293,0
90294,0
90295,1
90296,0
90297,1
90298,0
90299,1
90300,0
90301,1
90302,0
90303,0
90304,1
90305,0
90306,1
90307,0
90308,0
90309,1
90310,1
90311,0
90312,0
90313,0
90314,0
90315,0
90316,0
90317,0
90318,1
90319,0
90320,0
90321,0
90322,0
90323,1
90324,1
90325,0
90326,1
90327,1
90328,0
90329,1
90330,0
90331,0
90332,1
90333,0
90334,1
90335,0
90336,0
90337,0
90338,0
90339,0
90340,0
90341,0
90342,0
90343,1
90344,1
90345,0
90346,1
90347,0
90348,0
90349,1
90350,1
90351,0
90352,1
90353,0
90354,0
90355,1
90356,0
90357,0
90358,1
90359,0
90360,0
90361,1
90362,0
90363,0
90364,0
90365,1
90366,0
90367,0
90368,1
90369,0
90370,1
90371,1
90372,0
90373,0
90374,0
90375,0
90376,1
90377,0
90378,1
90379,1
90380,0
90381,1
90382,1
90383,0
90384,0
90385,0
90386,0
90387,0
90388,0
90389,1
90390,0
90391,0
90392,0
90393,1
90394,0
90395,1
90396,0
90397,0
90398,1
90399,0
90400,1
90401,1
90402,1
90403,0
90404,1
90405,0
90406,0
90407,0
90408,0
90409,0
90410,0
90411,1
90412,0
90413,0
90414,0
90415,0
90416,1
90417,0
90418,1
90419,1
90420,0
90421,0
90422,0
90423,0
90424,0
90425,1
90426,0
90427,1
90428,0
90429,0
90430,1
90431,1
90432,0
90433,0
90434,1
90435,0
90436,0
90437,1
90438,1
90439,0
90440,0
90441,0
90442,0
90443,0
90444,0
90445,1
90446,0
90447,0
90448,1
90449,0
90450,0
90451,0
90452,0
90453,0
90454,1
90455,0
90456,0
90457,0
90458,0
90459,1
90460,0
90461,1
90462,0
90463,0
90464,0
90465,1
90466,0
90467,1
90468,0
90469,1
90470,0
90471,0
90472,1
90473,0
90474,0
90475,1
90476,0
90477,0
90478,1
90479,0
90480,0
90481,0
90482,0
90483,0
90484,0
90485,1
90486,1
90487,0
90488,1
90489,0
90490,0
90491,0
90492,0
90493,0
90494,1
90495,0
90496,0
90497,0
90498,1
90499,1
90500,0
90501,0
90502,1
90503,0
90504,0
90505,0
90506,0
90507,1
90508,1
90509,0
90510,0
90511,0
90512,0
90513,0
90514,0
90515,0
90516,1
90517,0
90518,1
90519,0
90520,0
90521,1
90522,1
90523,0
90524,1
90525,1
90526,0
90527,1
90528,1
90529,1
90530,0
90531,0
90532,0
90533,1
90534,0
90535,0
90536,1
90537,0
90538,0
90539,0
90540,0
90541,1
90542,0
90543,0
90544,0
90545,1
90546,0
90547,1
90548,1
90549,0
90550,0
90551,0
90552,0
90553,1
90554,1
90555,1
90556,0
90557,1
90558,0
90559,1
90560,1
90561,0
90562,0
90563,0
90564,1
90565,0
90566,0
90567,0
90568,0
90569,1
90570,1
90571,1
90572,0
90573,1
90574,1
90575,0
90576,0
90577,0
90578,1
90579,0
90580,1
90581,1
90582,0
90583,0
90584,0
90585,0
90586,0
90587,0
90588,0
90589,0
90590,0
90591,1
90592,0
90593,0
90594,0
90595,1
90596,1
90597,0
90598,0
90599,1
90600,0
90601,1
90602,0
90603,0
90604,0
90605,1
90606,0
90607,0
90608,0
90609,0
90610,0
90611,0
90612,0
90613,0
90614,1
90615,1
90616,1
90617,1
90618,1
90619,0
90620,0
90621,0
90622,1
90623,1
90624,0
90625,0
90626,0
90627,0
90628,0
90629,0
90630,0
90631,0
90632,1
90633,1
90634,1
90635,0
90636,1
90637,0
90638,1
90639,0
90640,1
90641,0
90642,0
90643,0
90644,1
90645,0
90646,0
90647,1
90648,0
90649,1
90650,0
90651,0
90652,0
90653,0
90654,0
90655,0
90656,1
90657,0
90658,0
90659,0
90660,1
90661,0
90662,0
90663,0
90664,0
90665,1
90666,0
90667,0
90668,0
90669,1
90670,0
90671,0
90672,0
90673,0
90674,0
90675,0
90676,0
90677,0
90678,1
90679,0
90680,0
90681,0
90682,0
90683,0
90684,0
90685,0
90686,0
90687,1
90688,1
90689,0
90690,1
90691,0
90692,0
90693,1
90694,0
90695,1
90696,0
90697,0
90698,1
90699,0
90700,0
90701,1
90702,0
90703,0
90704,0
90705,1
90706,0
90707,0
90708,1
90709,0
90710,0
90711,1
90712,0
90713,0
90714,0
90715,1
90716,1
90717,1
90718,0
90719,0
90720,1
90721,1
90722,1
90723,0
90724,1
90725,0
90726,1
90727,0
90728,0
90729,0
90730,0
90731,0
90732,0
90733,0
90734,0
90735,0
90736,0
90737,1
90738,1
90739,0
90740,0
90741,0
90742,1
90743,0
90744,0
90745,0
90746,0
90747,0
90748,0
90749,0
90750,1
90751,0
90752,0
90753,1
90754,1
90755,0
90756,1
90757,0
90758,0
90759,1
90760,0
90761,1
90762,0
90763,0
90764,0
90765,0
90766,1
90767,0
90768,0
90769,1
90770,0
90771,1
90772,0
90773,0
90774,1
90775,1
90776,0
90777,0
90778,1
90779,1
90780,0
90781,1
90782,1
90783,0
90784,0
90785,0
90786,1
90787,1
90788,1
90789,0
90790,1
90791,0
90792,0
90793,0
90794,0
90795,0
90796,1
90797,1
90798,1
90799,0
90800,1
90801,0
90802,1
90803,0
90804,1
90805,0
90806,1
90807,1
90808,0
90809,0
90810,0
90811,0
90812,0
90813,0
90814,1
90815,1
90816,1
90817,0
90818,0
90819,0
90820,1
90821,0
90822,0
90823,0
90824,1
90825,0
